Country,Rank,Index,Name Group,Localized Name,Romanized Name,Count,Percent
AM,1,1,AM-1,Գրիգորյան,Grigoryan,,
AM,2,2,AM-2,Հարությունյան,Harutyunyan,,
AM,3,3,AM-3,Սարգսյան,Sargsyan,,
AM,4,4,AM-4,Հովհաննիսյան,Hovhannisyan,,
AM,5,5,AM-5,Խաչատրյան,Khachatryan,,
AM,6,6,AM-6,Հակոբյան,Hakobyan,,
AM,7,7,AM-7,Պետրոսյան,Petrosyan,,
AM,8,8,AM-8,Վարդանյան,Vardanyan,,
AM,9,9,AM-9,Գեւորգյան,Gevorgyan,,
AM,10,10,AM-10,Կարապետյան,Karapetyan,,
AM,11,11,AM-11,Մկրտչյան,Mkrtchyan,,
AM,12,12,AM-12,Ղազարյան,Ghazaryan,,
AM,13,13,AM-13,Մանուկյան,Manukyan,,
AM,14,14,AM-14,Ավետիսյան,Avetisyan,,
AM,15,15,AM-15,Պողոսյան,Poghosyan,,
AM,16,16,AM-16,Մարտիրոսյան,Martirosyan,,
AM,17,17,AM-17,Սահակյան,Sahakyan,,
AM,18,18,AM-18,Առաքելյան,Arakelyan,,
AM,19,19,AM-19,Մարգարյան,Margaryan,,
AM,20,20,AM-20,Դավթյան,Davtyan,,
AZ,1,1,AZ-1,Məmmədov,Mammadov,,
AZ,2,2,AZ-2,Əliyev,Aliyev,,
AZ,3,3,AZ-3,Hüseynov,Huseynov,,
AZ,4,4,AZ-4,Həsənov,Hasanov,,
AZ,5,5,AZ-5,Quliyev,Guliyev,,
AZ,6,6,AZ-6,İsmayılov,Ismayilov,,
AZ,7,7,AZ-7,Əhmədov,Ahmadov,,
AZ,8,8,AZ-8,Abdullayev,Abdullayev,,
AZ,9,9,AZ-9,Abbasov,Abbasov,,
AZ,10,10,AZ-10,Cəfərov,Jafarov,,
BD,1,1,BD-1,আক্তার,Akter,,
BD,2,2,BD-2,ইসলাম,Islam,,
BD,3,3,BD-3,খাতুন,Khatun,,
BD,4,4,BD-4,হোসেন,Hossain,,
BD,5,5,BD-5,রহমান,Rahman,,
BD,6,6,BD-6,আহম্মেদ,Ahmed,,
KH,1,1,KH-1,កូយ,,,
KH,2,2,KH-2,កឹម,,,
KH,3,3,KH-3,កែប,,,
KH,4,4,KH-4,កែវ,Keo,,
KH,5,5,KH-5,ខាត់,Khat,,
KH,6,6,KH-6,ខាយ,Khay,,
KH,7,7,KH-7,ខៀវ,Khiev,,
KH,8,8,KH-8,ខ្លូត,Khlot,,
KH,9,9,KH-9,គឹម,Kim,,
KH,10,10,KH-10,គួច,,,
KH,11,11,KH-11,កាំង,,,
KH,12,12,KH-12,ឃាង,,,
KH,13,13,KH-13,ឃិន,,,
KH,14,14,KH-14,ឃីម,,,
KH,15,15,KH-15,ចន្ទ,Chhan,,
KH,16,16,KH-16,ចាន់,,,
KH,17,17,KH-17,ចាប,Bird,,
KH,18,18,KH-18,ចេង,,,
KH,19,19,KH-19,ចេន,Chen,,
KH,20,20,KH-20,ឆន,Chhorn,,
KH,21,21,KH-21,ឆាយ,,,
KH,22,22,KH-22,ជា,Chea,,
KH,23,23,KH-23,ជាម,Cheam,,
KH,24,24,KH-24,ជិន,Chin,,
KH,25,25,KH-25,ជឹម,Chim,,
KH,26,26,KH-26,ជ័យ,Chey,,
KH,27,27,KH-27,ឈិត,Chhet,,
KH,28,28,KH-28,ឈិន,,,
KH,29,29,KH-29,ឈឹម,Chhim,,
KH,30,30,KH-30,ញឹក,Nhek,,
KH,31,31,KH-31,ដួង,Duong,,
KH,32,32,KH-32,ឌិត,Dith,,
KH,33,33,KH-33,ឌិន,Din,,
KH,34,34,KH-34,ឌី,,,
KH,35,35,KH-35,ឌុល,Dul,,
KH,36,36,KH-36,ឌួង,Duong,,
KH,37,37,KH-37,តក់,Droplets,,
KH,38,38,KH-38,តាង,Tang,,
KH,39,39,KH-39,តាត,Tat,,
KH,40,40,KH-40,តូច,,,
KH,41,41,KH-41,តាំង,Taing,,
KH,42,42,KH-42,ថន,,,
KH,43,43,KH-43,ទាវ,,,
KH,44,44,KH-44,ទី,Ty,,
KH,45,45,KH-45,ទុំ,,,
KH,46,46,KH-46,ទ្រី,,,
KH,47,47,KH-47,ទេព,Tep,,
KH,48,48,KH-48,ធី,Thy,,
KH,49,49,KH-49,នី,,,
KH,50,50,KH-50,ប្រាក់,Khmer,,
KH,51,51,KH-51,ប៉ាង,Pang,,
KH,52,52,KH-52,ប៉ុក,Pok,,
KH,53,53,KH-53,ប៊ុន,Bun,,
KH,54,54,KH-54,ប៉ែន,Pen,,
KH,55,55,KH-55,ផាន,Phan,,
KH,56,56,KH-56,ពិជ,,,
KH,57,57,KH-57,ពេជ្រ,means,,
KH,58,58,KH-58,ភី,Phy,,
KH,59,59,KH-59,មា,Ma,,
KH,60,60,KH-60,មាន,Mean,,
KH,61,61,KH-61,មាស,Meas,,
KH,62,62,KH-62,មួយ,Muy,,
KH,63,63,KH-63,មូល,Mul,,
KH,64,64,KH-64,មេង,Meng,,
KH,65,65,KH-65,ម៉ៅ,Mao,,
KH,66,66,KH-66,យស់,Yos,,
KH,67,67,KH-67,យុន,Yun,,
KH,68,68,KH-68,យូ,Yu,,
KH,69,69,KH-69,រស់,Ros,,
KH,70,70,KH-70,រួយ,,,
KH,71,71,KH-71,លិម,Lim,,
KH,72,72,KH-72,លី,,,
KH,73,73,KH-73,លីវ,,,
KH,74,74,KH-74,លឹម,,,
KH,75,75,KH-75,វ៉ាង,Vang,,
KH,76,76,KH-76,វង្ស,Vong,,
KH,77,77,KH-77,ស,Sor,,
KH,78,78,KH-78,សង,Sang,,
KH,79,79,KH-79,សម,Sam,,
KH,80,80,KH-80,សរ,Sor,,
KH,81,81,KH-81,សាង,Sang,,
KH,82,82,KH-82,សាត,Sat,,
KH,83,83,KH-83,សាន,San,,
KH,84,84,KH-84,សាយ,Say,,
KH,85,85,KH-85,សិន,Sin,,
KH,86,86,KH-86,សឺន,Son,,
KH,87,87,KH-87,សុខ,Sok,,
KH,88,88,KH-88,សុង,Song,,
KH,89,89,KH-89,សុន,Son,,
KH,90,90,KH-90,ស៊ុយ,Suy,,
KH,91,91,KH-91,សូ,So,,
KH,92,92,KH-92,ស៊ូ,Su,,
KH,93,93,KH-93,សួន,Soun,,
KH,94,94,KH-94,សឿង,,,
KH,95,95,KH-95,សៀង,Sieng,,
KH,96,96,KH-96,សេង,Seng,,
KH,97,97,KH-97,សេន,Sen,,
KH,98,98,KH-98,សោម,Som,,
KH,99,99,KH-99,សៅ,,,
KH,100,100,KH-100,ហាក៉,,,
KH,101,101,KH-101,ហុង,Hong,,
KH,102,102,KH-102,ហ៊ុន,Hun,,
KH,103,103,KH-103,ហូ,Ho,,
KH,104,104,KH-104,ឡាយ,,,
KH,105,105,KH-105,ឡុង,Long,,
KH,106,106,KH-106,អាង,Ang,,
KH,107,107,KH-107,អិម,Im,,
KH,108,108,KH-108,អុង,Ong,,
KH,109,109,KH-109,អ៊ុច,Uch,,
KH,110,110,KH-110,អ៊ុយ,Uy,,
KH,111,111,KH-111,អៀម,Eam,,
KH,112,112,KH-112,អៀវ,Iv,,
KH,113,113,KH-113,អ៊ុំ,Um,,
KH,114,114,KH-114,ឯក,Ek,,
KH,115,115,KH-115,ឱក,Ok,,
KH,116,116,KH-116,ឱម,Om,,
CN,1,1,CN-1,王,Wáng,101500000,
CN,1,1,CN-1,,Wong,101500000,
CN,2,2,CN-2,李,Lǐ,100900000,
CN,2,2,CN-2,,Lee,100900000,
CN,3,3,CN-3,张,Zhāng,95400000,
CN,3,3,CN-3,張,Cheung,95400000,
CN,4,4,CN-4,刘,Liú,72100000,
CN,4,4,CN-4,劉,Lau,72100000,
CN,5,5,CN-5,陈,Chén,63000000,
CN,5,5,CN-5,陳,Chan,63000000,
CN,6,6,CN-6,杨,Yáng,46200000,
CN,6,6,CN-6,楊,Yeung,46200000,
CN,7,7,CN-7,黄,Huáng,33700000,
CN,7,7,CN-7,黃,Wong,33700000,
CN,8,8,CN-8,赵,Zhào,28600000,
CN,8,8,CN-8,趙,Chiu,28600000,
CN,9,9,CN-9,吴,Wú,27800000,
CN,9,9,CN-9,吳,Ng,27800000,
CN,10,10,CN-10,周,Zhōu,26800000,
CN,10,10,CN-10,,Chow,26800000,
CN,11,11,CN-11,徐,Xú,20200000,
CN,11,11,CN-11,,Tsui,20200000,
CN,12,12,CN-12,孙,Sūn,19400000,
CN,12,12,CN-12,孫,Suen,19400000,
CN,13,13,CN-13,马,Mǎ,19100000,
CN,13,13,CN-13,馬,Ma,19100000,
CN,14,14,CN-14,朱,Zhū,18100000,
CN,14,14,CN-14,,Chu,18100000,
CN,15,15,CN-15,胡,Hú,16500000,
CN,15,15,CN-15,,Wu,16500000,
CN,16,16,CN-16,郭,Guō,15800000,
CN,16,16,CN-16,,Kwok,15800000,
CN,17,17,CN-17,何,Hé,14800000,
CN,17,17,CN-17,,Ho,14800000,
CN,18,18,CN-18,林,Lín,14200000,
CN,18,18,CN-18,,Lam,14200000,
CN,19,19,CN-19,高,Gāo,14100000,
CN,19,19,CN-19,,Ko,14100000,
CN,20,20,CN-20,罗,Luó,14000000,
CN,20,20,CN-20,羅,Law,14000000,
GE,1,1,GE-1,ბერიძე,Beridze,24962,
GE,2,2,GE-2,მამედოვი,Mamedov,23675,
GE,2,2,GE-2,,Mamedovi,23675,
GE,3,3,GE-3,კაპანაძე,Kapanadze,17202,
GE,4,4,GE-4,გელაშვილი,Gelashvili,16350,
GE,5,5,GE-5,ალიევი,Aliyev,15742,
GE,5,5,GE-5,,Alievi,15742,
GE,6,6,GE-6,მაისურაძე,Maisuradze,14824,
GE,7,7,GE-7,გიორგაძე,Giorgadze,12954,
GE,8,8,GE-8,ლომიძე,Lomidze,11796,
GE,9,9,GE-9,წიკლაური,Tsiklauri,11571,
GE,10,10,GE-10,ბოლქვაძე,Bolkvadze,10916,
GE,11,11,GE-11,კვარაცხელია,Kvaratskhelia,10447,
GE,12,12,GE-12,ნოზაძე,Nozadze,10183,
GE,13,13,GE-13,ხუციშვილი,Khutsishvili,10075,
GE,14,14,GE-14,შენგელია,Shengelia,9928,
GE,15,15,GE-15,აბულაძე,Abuladze,9663,
GE,16,16,GE-16,მიქელაძე,Mikeladze,9220,
GE,17,17,GE-17,ტაბატაძე,Tabatadze,8654,
GE,18,18,GE-18,მჭედლიშვილი,Mchedlishvili,8446,
GE,19,19,GE-19,ბაირამოვი,Bairamov,8373,
GE,19,19,GE-19,,Bairamovi,8373,
GE,20,20,GE-20,გოგოლაძე,Gogoladze,8362,
IN,1,1,IN-1,देवी,Devi,,
IN,2,2,IN-2,कुमार,Kumar,,
IN,3,3,IN-3,सिंह,Singh,,
IN,4,4,IN-4,शर्मा,Sharma,,
IN,5,5,IN-5,अली,Ali,,
IN,6,6,IN-6,यादव,Yadav,,
IN,7,7,IN-7,पटेल,Patel,,
IL,1,1,IL-1,כהן,Cohen,180725,0.0193
IL,2,2,IL-2,לוי,Levi,104876,0.0112
IL,2,2,IL-2,לוי,Levy,104876,0.0112
IL,3,3,IL-3,מזרחי,Mizrachi,30901,0.0033
IL,3,3,IL-3,מזרחי,Mizrahi,30901,0.0033
IL,4,4,IL-4,פרץ,Peretz,29964,0.0032
IL,5,5,IL-5,ביטון,Biton,28092,0.0030
IL,6,6,IL-6,דהן,Dahan,21537,0.0023
IL,7,7,IL-7,אברהם,Avraham,20600,0.0022
IL,8,8,IL-8,פרידמן,Friedman,19664,0.0021
IL,9,9,IL-9,מלכה,Malka,17791,0.0019
IL,9,9,IL-9,מלכה,Malcah,17791,0.0019
IL,10,10,IL-10,אזולאי,Azoulay,17791,0.0019
IL,11,11,IL-11,כץ,Katz,17791,0.0019
IL,12,12,IL-12,יוסף,Yosef,16855,0.0018
IL,13,13,IL-13,דוד,David,15918,0.0017
IL,14,14,IL-14,עמר,Amar,15918,0.0017
IL,14,14,IL-14,עמר,Omer,15918,0.0017
IL,15,15,IL-15,אוחיון,Ohayon,14982,0.0016
IL,15,15,IL-15,אוחיון,Ochion,14982,0.0016
IL,16,16,IL-16,חדד,Hadad,14982,0.0016
IL,16,16,IL-16,חדד,Chadad,14982,0.0016
IL,17,17,IL-17,גבאי,Gabai,14982,0.0016
IL,18,18,IL-18,בן דוד,Ben-David,13109,0.0014
IL,19,19,IL-19,אדרי,Adrei,13109,0.0014
IL,19,19,IL-19,אדרי,Edry,13109,0.0014
IL,19,19,IL-19,אדרי,Edri,13109,0.0014
IL,19,19,IL-19,אדרי,Adary,13109,0.0014
IL,20,20,IL-20,לוין,Levin,13109,0.0014
IL,21,21,IL-21,טל,Tal,12173,0.0013
IL,22,22,IL-22,קליין,Klein,12173,0.0013
IL,23,23,IL-23,חן,Chen,12173,0.0013
IL,23,23,IL-23,חן,Khen,12173,0.0013
IL,24,24,IL-24,שפירא,Shapira,12173,0.0013
IL,25,25,IL-25,חזן,Chazan,12173,0.0013
IL,25,25,IL-25,חזן,Hazan,12173,0.0013
IL,26,26,IL-26,משה,Moshe,12173,0.0013
IL,27,27,IL-27,אשכנזי,Ashkenazi,11236,0.0012
IL,28,28,IL-28,אוחנה,Ohana,11236,0.0012
IL,29,29,IL-29,סגל,Segal,11236,0.0012
IL,29,29,IL-29,סגל,Segel,11236,0.0012
IL,30,30,IL-30,גולן,Golan,11236,0.0012
JP,1,1,JP-1,佐藤,Satō,1990000,0.0157
JP,2,2,JP-2,鈴木,Suzuki,1900000,0.0150
JP,3,3,JP-3,高橋,Takahashi,1470000,0.0116
JP,4,4,JP-4,田中,Tanaka,1340000,0.0106
JP,5,5,JP-5,渡辺,Watanabe,1200000,0.0095
JP,6,6,JP-6,伊藤,Itō,1150000,0.0091
JP,7,7,JP-7,中村,Nakamura,1080000,0.0085
JP,8,8,JP-8,小林,Kobayashi,1060000,0.0084
JP,9,9,JP-9,山本,Yamamoto,1020000,0.0081
JP,10,10,JP-10,加藤,Katō,920000,0.0073
JP,11,11,JP-11,吉田,Yoshida,850000,
JP,12,12,JP-12,山田,Yamada,820000,
JP,13,13,JP-13,佐々木,Sasaki,710000,
JP,14,14,JP-14,山口,Yamaguchi,640000,
JP,15,15,JP-15,松本,Matsumoto,630000,
JP,16,16,JP-16,井上,Inoue,600000,
JP,17,17,JP-17,木村,Kimura,580000,
JP,18,18,JP-18,清水,Shimizu,560000,
JP,19,19,JP-19,林,Hayashi,550000,
JP,20,20,JP-20,斉藤,Saitō,530000,
JP,21,21,JP-21,斎藤,Saitō,520000,
JP,22,22,JP-22,山崎,Yamazaki,490000,
JP,22,22,JP-22,山崎,Yamasaki,490000,
JP,23,23,JP-23,中島,Nakajima,480000,
JP,23,23,JP-23,中島,Nakashima,480000,
JP,24,24,JP-24,森,Mori,470000,
JP,25,25,JP-25,阿部,Abe,470000,
JP,26,26,JP-26,池田,Ikeda,450000,
JP,27,27,JP-27,橋本,Hashimoto,450000,
JP,28,28,JP-28,石川,Ishikawa,440000,
JP,29,29,JP-29,山下,Yamashita,410000,
JP,30,30,JP-30,小川,Ogawa,410000,
JP,31,31,JP-31,石井,Ishii,400000,
JP,32,32,JP-32,長谷川,Hasegawa,390000,
JP,33,33,JP-33,後藤,Gotō,390000,
JP,34,34,JP-34,岡田,Okada,380000,
JP,35,35,JP-35,近藤,Kondō,370000,
JP,36,36,JP-36,前田,Maeda,370000,
JP,37,37,JP-37,藤田,Fujita,370000,
JP,38,38,JP-38,遠藤,Endō,360000,
JP,39,39,JP-39,青木,Aoki,350000,
JP,40,40,JP-40,坂本,Sakamoto,350000,
JP,41,41,JP-41,村上,Murakami,340000,
JP,42,42,JP-42,太田,Ōta,320000,
JP,43,43,JP-43,金子,Kaneko,310000,
JP,44,44,JP-44,藤井,Fujii,310000,
JP,45,45,JP-45,福田,Fukuda,300000,
JP,46,46,JP-46,西村,Nishimura,300000,
JP,47,47,JP-47,三浦,Miura,300000,
JP,48,48,JP-48,竹内,Takeuchi,290000,
JP,49,49,JP-49,中川,Nakagawa,290000,
JP,50,50,JP-50,岡本,Okamoto,290000,
JP,51,51,JP-51,松田,Matsuda,290000,
JP,52,52,JP-52,原田,Harada,290000,
JP,53,53,JP-53,中野,Nakano,290000,
JP,54,54,JP-54,小野,Ono,280000,
JP,55,55,JP-55,田村,Tamura,280000,
JP,56,56,JP-56,藤原,Fujiwara,270000,
JP,56,56,JP-56,藤原,Fujihara,270000,
JP,57,57,JP-57,中山,Nakayama,270000,
JP,58,58,JP-58,石田,Ishida,270000,
JP,59,59,JP-59,小島,Kojima,260000,
JP,60,60,JP-60,和田,Wada,260000,
JP,61,61,JP-61,森田,Morita,250000,
JP,62,62,JP-62,内田,Uchida,250000,
JP,63,63,JP-63,柴田,Shibata,250000,
JP,64,64,JP-64,酒井,Sakai,240000,
JP,65,65,JP-65,原,Hara,240000,
JP,66,66,JP-66,高木,Takagi,240000,
JP,66,66,JP-66,高木,Takaki,240000,
JP,67,67,JP-67,横山,Yokoyama,240000,
JP,68,68,JP-68,安藤,Andō,240000,
JP,69,69,JP-69,宮崎,Miyazaki,240000,
JP,69,69,JP-69,宮崎,Miyasaki,240000,
JP,70,70,JP-70,上田,Ueda,240000,
JP,70,70,JP-70,上田,Ueta,240000,
JP,71,71,JP-71,島田,Shimada,230000,
JP,72,72,JP-72,工藤,Kudō,230000,
JP,73,73,JP-73,大野,Ōno,220000,
JP,74,74,JP-74,宮本,Miyamoto,220000,
JP,75,75,JP-75,杉山,Sugiyama,220000,
JP,76,76,JP-76,今井,Imai,220000,
JP,77,77,JP-77,丸山,Maruyama,210000,
JP,78,78,JP-78,増田,Masuda,210000,
JP,79,79,JP-79,高田,Takada,210000,
JP,79,79,JP-79,高田,Takata,210000,
JP,80,80,JP-80,村田,Murata,210000,
JP,81,81,JP-81,平野,Hirano,210000,
JP,82,82,JP-82,大塚,Ōtsuka,210000,
JP,83,83,JP-83,菅原,Sugawara,210000,
JP,83,83,JP-83,菅原,Sugahara,210000,
JP,84,84,JP-84,武田,Takeda,200000,
JP,84,84,JP-84,武田,Taketa,200000,
JP,85,85,JP-85,新井,Arai,200000,
JP,86,86,JP-86,小山,Koyama,200000,
JP,86,86,JP-86,小山,Oyama,200000,
JP,87,87,JP-87,野口,Noguchi,200000,
JP,88,88,JP-88,桜井,Sakurai,200000,
JP,89,89,JP-89,千葉,Chiba,200000,
JP,90,90,JP-90,岩崎,Iwasaki,200000,
JP,91,91,JP-91,佐野,Sano,200000,
JP,92,92,JP-92,谷口,Taniguchi,200000,
JP,93,93,JP-93,上野,Ueno,200000,
JP,94,94,JP-94,松井,Matsui,190000,
JP,95,95,JP-95,河野,Kōno,190000,
JP,95,95,JP-95,河野,Kawano,190000,
JP,96,96,JP-96,市川,Ichikawa,190000,
JP,97,97,JP-97,渡部,Watanabe,190000,
JP,97,97,JP-97,渡部,Watabe,190000,
JP,98,98,JP-98,野村,Nomura,180000,
JP,99,99,JP-99,菊地,Kikuchi,180000,
JP,100,100,JP-100,木下,Kinoshita,180000,
KZ,1,1,KZ-1,Ахметов,Ahmetov,73627,
KZ,2,2,KZ-2,Омаров,Omarov,45123,
KZ,3,3,KZ-3,Ким,Kim,42274,
KZ,4,4,KZ-4,Оспанов,Ospanov,41068,
KZ,5,5,KZ-5,Иванов,Ivanov,39296,
KZ,6,6,KZ-6,Алиев,Aliev,36084,
KZ,7,7,KZ-7,Сулейменов,Suleimenov,33940,
KZ,8,8,KZ-8,Искаков,Iskakov,31988,
KZ,9,9,KZ-9,Абдрахманов,Abdrahmanov,29091,
KZ,10,10,KZ-10,Ибрагимов,Ibragimov,28755,
KZ,11,11,KZ-11,Калиев,Kaliev,28219,
KZ,12,12,KZ-12,Садыков,Sadykov,27810,
KZ,13,13,KZ-13,Ибраев,Ibraev,26531,
KZ,14,14,KZ-14,Кузнецов,Kuznetsov,25990,
KZ,15,15,KZ-15,Попов,Popov,24956,
KZ,16,16,KZ-16,Смагулов,Smagulov,24005,
KZ,17,17,KZ-17,Абдуллаев,Abdullaev,23729,
KZ,18,18,KZ-18,Исаев,Isaev,22910,
KZ,19,19,KZ-19,Султанов,Sultanov,22808,
KZ,22,22,KZ-22,Юсупов,Iusupov,22763,
KZ,21,21,KZ-21,Исмаилов,Ismailov,21392,
KZ,22,22,KZ-22,Нургалиев,Nurgaliev,21133,
KZ,23,23,KZ-23,Каримов,Karimov,20575,
KZ,24,24,KZ-24,Серік,Серик,19550,
KZ,25,25,KZ-25,Ли,Li,17049,
KZ,26,26,KZ-26,Цой,Tsoi,12088,
KZ,27,27,KZ-27,Амангельды,Amangeldy,15125,
KZ,28,28,KZ-28,Болат,Bolat,11234,
KZ,29,29,KZ-29,Бондаренко,Bondarenko,10648,
KZ,30,30,KZ-30,Марат,Marat,10417,
KZ,31,31,KZ-31,Серікбай,Серикбай,10193,
KZ,32,32,KZ-32,Мурат,Murat,10106,
KZ,33,33,KZ-33,Кусаинов,Kusainov,10103,
KR,1,1,KR-1,김,Kim,,
KR,1,1,KR-1,金,Gim,,
KR,1,1,KR-1,,Ghim,,
KR,2,2,KR-2,리,Lee,,
KR,2,2,KR-2,이,Yi,,
KR,2,2,KR-2,李,Rhee,,
KR,3,3,KR-3,박,Park,,
KR,3,3,KR-3,朴,Pak,,
KR,3,3,KR-3,,Bak,,
KR,4,4,KR-4,최,Choi,,
KR,4,4,KR-4,崔,Choe,,
KR,4,4,KR-4,,Choy,,
KR,4,4,KR-4,,Joy,,
KR,5,5,KR-5,정,Jeong,,
KR,5,5,KR-5,鄭,Chung,,
KR,5,5,KR-5,,Cheong,,
KR,5,5,KR-5,,Jung,,
KR,5,5,KR-5,,Young,,
KR,6,6,KR-6,강,Kang,,
KR,6,6,KR-6,姜,Gang,,
KR,6,6,KR-6,,Ghang,,
KR,7,7,KR-7,조,Cho,,
KR,7,7,KR-7,趙,Jo,,
KR,7,7,KR-7,,Joe,,
KR,8,8,KR-8,윤,Yoon,,
KR,8,8,KR-8,尹,Yun,,
KR,8,8,KR-8,,Youn,,
KR,9,9,KR-9,장,Jang,,
KR,9,9,KR-9,張,Chang,,
KR,10,10,KR-10,림,Lim,,
KR,10,10,KR-10,임,Rim,,
KR,10,10,KR-10,林,Im,,
KR,10,10,KR-10,,Rhim,,
KR,11,11,KR-11,한,Han,,
KR,11,11,KR-11,韓,,,
KR,12,12,KR-12,오,O,,
KR,12,12,KR-12,吳,Oh,,
KR,13,13,KR-13,서,Seo,,
KR,13,13,KR-13,徐,Suh,,
KR,13,13,KR-13,,Seoh,,
KR,14,14,KR-14,신,Shin,,
KR,14,14,KR-14,申,Sin,,
KR,15,15,KR-15,권,Kwon,,
KR,15,15,KR-15,權,Gwon,,
KR,15,15,KR-15,,Kuen,,
KR,16,16,KR-16,황,Hwang,,
KR,16,16,KR-16,黃,Huang,,
KR,17,17,KR-17,안,Ahn,,
KR,17,17,KR-17,安,An,,
KR,18,18,KR-18,송,Song,,
KR,18,18,KR-18,宋,,,
KR,19,19,KR-19,류,Yoo,,
KR,19,19,KR-19,유,Yu,,
KR,19,19,KR-19,柳,Ryu,,
KR,19,19,KR-19,,Ryoo,,
KR,20,20,KR-20,전,Jeon,,
KR,20,20,KR-20,全,Jun,,
KR,20,20,KR-20,,Chun,,
KR,20,20,KR-20,,Cheon,,
KR,21,21,KR-21,홍,Hong,,
KR,21,21,KR-21,洪,,,
KR,22,22,KR-22,고,Ko,,
KR,22,22,KR-22,高,Koh,,
KR,22,22,KR-22,,Go,,
KR,22,22,KR-22,,Goh,,
KR,23,23,KR-23,문,Mun,,
KR,23,23,KR-23,文,Moon,,
KR,23,23,KR-23,,Mon,,
KR,23,23,KR-23,,Munn,,
KR,24,24,KR-24,량,Yang,,
KR,24,24,KR-24,양,Ryang,,
KR,24,24,KR-24,梁,,,
KR,25,25,KR-25,손,Son,,
KR,25,25,KR-25,孫,Sohn,,
KR,25,25,KR-25,,Sonn,,
KR,26,26,KR-26,배,Bae,,
KR,26,26,KR-26,裵,Bai,,
KR,26,26,KR-26,,Pai,,
KR,26,26,KR-26,,Pae,,
KR,27,27,KR-27,조,Jo,,
KR,27,27,KR-27,曺,Cho,,
KR,28,28,KR-28,백,Baek,,
KR,28,28,KR-28,白,Paik,,
KR,28,28,KR-28,,Pak,,
KR,28,28,KR-28,,Bak,,
KR,28,28,KR-28,,Bhak,,
KR,28,28,KR-28,,Phak,,
KR,29,29,KR-29,허,Hur,,
KR,29,29,KR-29,許,Heo,,
KR,29,29,KR-29,,Her,,
KR,29,29,KR-29,,Hui,,
KR,30,30,KR-30,류,Yu,,
KR,30,30,KR-30,유,Yoo,,
KR,30,30,KR-30,劉,Liu,,
KR,30,30,KR-30,,Lau,,
KR,30,30,KR-30,,Yau,,
KR,31,31,KR-31,남,Nam,,
KR,31,31,KR-31,,Nan,,
KR,31,31,KR-31,,Nham,,
KR,32,32,KR-32,심,Sim,,
KR,32,32,KR-32,南,Shim,,
KR,32,32,KR-32,沈,Shen,,
KR,33,33,KR-33,로,No,,
KR,33,33,KR-33,노,Noh,,
KR,33,33,KR-33,盧,Roh,,
KR,34,34,KR-34,정,Jeong,,
KR,34,34,KR-34,丁,Jung,,
KR,35,35,KR-35,하,Ha,,
KR,35,35,KR-35,河,Hah,,
KR,36,36,KR-36,곽,Gwak,,
KR,36,36,KR-36,郭,Kwak,,
KR,36,36,KR-36,,Koak,,
KR,37,37,KR-37,성,Seong,,
KR,37,37,KR-37,成,Sung,,
KR,37,37,KR-37,,Shong,,
KR,37,37,KR-37,,Shung,,
KR,38,38,KR-38,차,Cha,,
KR,38,38,KR-38,車,,,
KR,39,39,KR-39,주,Ju,,
KR,39,39,KR-39,朱,Joo,,
KR,39,39,KR-39,,Chu,,
KR,39,39,KR-39,,Zhu,,
KR,39,39,KR-39,,Zuu,,
KR,39,39,KR-39,,Juu,,
KR,39,39,KR-39,,Choo,,
KR,40,40,KR-40,우,Woo,,
KR,40,40,KR-40,禹,U,,
KR,41,41,KR-41,구,Gu,,
KR,41,41,KR-41,具,Koo,,
KR,41,41,KR-41,,Goo,,
KR,42,42,KR-42,신,Sin,,
KR,42,42,KR-42,辛,Shin,,
KR,43,43,KR-43,임,Im,,
KR,43,43,KR-43,任,Yim,,
KR,44,44,KR-44,라,Na,,
KR,44,44,KR-44,나,Ra,,
KR,44,44,KR-44,羅,La,,
KR,45,45,KR-45,전,Jeon,,
KR,45,45,KR-45,田,Jun,,
KR,46,46,KR-46,민,Min,,
KR,46,46,KR-46,閔,,,
KR,47,47,KR-47,유,Yu,,
KR,47,47,KR-47,兪,Yoo,,
KR,48,48,KR-48,진,Jin,,
KR,48,48,KR-48,陳,Jean,,
KR,48,48,KR-48,,Chen,,
KR,48,48,KR-48,,Jen,,
KR,49,49,KR-49,지,Ji,,
KR,49,49,KR-49,池,Jee,,
KR,50,50,KR-50,엄,Eom,,
KR,50,50,KR-50,嚴,Uhm,,
KR,50,50,KR-50,,Um,,
NP,1,1,NP-1,चौधरी,Chaudhary,,
NP,1,1,NP-1,,Chowdhury,,
NP,2,2,NP-2,तामाङ,Tamang,,
NP,3,3,NP-3,गुरुङ,Gurung,,
NP,4,4,NP-4,थापा,Thapa,,
NP,5,5,NP-5,राणा,Rana,,
NP,6,6,NP-6,यादव,Yadav,,
NP,7,7,NP-7,मगर,Magar,,
NP,8,8,NP-8,राई,Rai,,
NP,9,9,NP-9,श्रेष्ठ,Shrestha,,
NP,10,10,NP-10,लामा,Lama,,
NP,11,11,NP-11,क्षेत्री,Chhetri,,
NP,11,11,NP-11,चेट्री,Chetry,,
NP,12,12,NP-12,शाह,Shah,,
NP,12,12,NP-12,साह,Sah ,,
NP,13,13,NP-13,शर्मा,Sharma,,
NP,14,14,NP-14,सिंह,Singh,,
NP,15,15,NP-15,विश्वकर्मा,Bishwakarma,,
NP,16,16,NP-16,महर्जन,Maharjan,,
NP,17,17,NP-17,नेपाली,Nepali ,,
NP,18,18,NP-18,परियार,Pariyar,,
NP,19,19,NP-19,पोखरेल,Pokharel,,
NP,19,19,NP-19,,Pokhrel ,,
NP,20,20,NP-20,थारु,Tharu,,
PH,1,1,PH-1,,dela Cruz,625640,
PH,2,2,PH-2,,Garcia,441075,
PH,3,3,PH-3,,Reyes,412750,
PH,4,4,PH-4,,Ramos,375999,
PH,5,5,PH-5,,Mendoza,372042,
PH,6,6,PH-6,,Santos,342746,
PH,7,7,PH-7,,Flores,312187,
PH,8,8,PH-8,,Gonzales,293787,
PH,9,9,PH-9,,Bautista,287625,
PH,10,10,PH-10,,Villanueva,277730,
PH,11,11,PH-11,,Fernandez,269820,
PH,12,12,PH-12,,Cruz,262822,
PH,13,13,PH-13,,de Guzman,249319,
PH,14,14,PH-14,,Lopez,230958,
PH,15,15,PH-15,,Perez,220113,
PH,16,16,PH-16,,Castillo,211405,
PH,17,17,PH-17,,Francisco,207840,
PH,18,18,PH-18,,Rivera,184543,
PH,19,19,PH-19,,Aquino,183088,
PH,20,20,PH-20,,Castro,173686,
PH,21,21,PH-21,,Sanchez,162886,
PH,22,22,PH-22,,Torres,162353,
PH,23,23,PH-23,,de Leon,156637,
PH,24,24,PH-24,,Domingo,147652,
PH,25,25,PH-25,,Martinez,143359,
PH,26,26,PH-26,,Rodriguez,143072,
PH,27,27,PH-27,,Santiago,140475,
PH,28,28,PH-28,,Soriano,140203,
PH,29,29,PH-29,,delos Santos,139229,
PH,30,30,PH-30,,Diaz,136449,
PH,31,31,PH-31,,Hernandez,135744,
PH,32,32,PH-32,,Tolentino,133010,
PH,33,33,PH-33,,Valdez,132416,
PH,34,34,PH-34,,Ramirez,131829,
PH,35,35,PH-35,,Morales,129957,
PH,36,36,PH-36,,Mercado,125314,
PH,37,37,PH-37,,Tan,123290,
PH,38,38,PH-38,,Aguilar,121635,
PH,39,39,PH-39,,Navarro,113992,
PH,40,40,PH-40,,Manalo,111336,
PH,41,41,PH-41,,Gomez,108844,
PH,42,42,PH-42,,Dizon,106507,
PH,43,43,PH-43,,del Rosario,105210,
PH,44,44,PH-44,,Javier,104515,
PH,45,45,PH-45,,Corpuz,104026,
PH,46,46,PH-46,,Gutierrez,103352,
PH,47,47,PH-47,,Salvador,103117,
PH,48,48,PH-48,,Velasco,101375,
PH,49,49,PH-49,,Miranda,101258,
PH,50,50,PH-50,,David,100641,
RU,1,1,RU-1,Смирно́в,Smirnov,2308740,0.0161
RU,2,2,RU-2,Ивано́в,Ivanov,1864200,0.0130
RU,3,3,RU-3,Кузнецо́в,Kuznetsov,1290600,0.0090
RU,4,4,RU-4,Попо́в,Popov,1132860,0.0079
RU,5,5,RU-5,Соколо́в,Sokolov,1046820,0.0073
RU,6,6,RU-6,Ле́бедев,Lebedev,932100,0.0065
RU,7,7,RU-7,Козло́в,Kozlov,831720,0.0058
RU,8,8,RU-8,Но́виков,Novikov,774360,0.0054
RU,9,9,RU-9,Моро́зов,Morozov,760020,0.0053
RU,10,10,RU-10,Петро́в,Petrov,630960,0.0044
RU,11,11,RU-11,Во́лков,Volkov,630960,0.0044
RU,12,12,RU-12,Соловьёв,Solovyov,630960,0.0044
RU,13,13,RU-13,Васи́льев,Vasilyev,602280,0.0042
RU,14,14,RU-14,За́йцев,Zaytsev,587940,0.0041
RU,15,15,RU-15,Па́влов,Pavlov,559260,0.0039
RU,16,16,RU-16,Семёнов,Semyonov,501900,0.0035
RU,17,17,RU-17,Го́лубев,Golubev,458880,0.0032
RU,18,18,RU-18,Виногра́дов,Vinogradov,458880,0.0032
RU,19,19,RU-19,Богда́нов,Bogdanov,444540,0.0031
RU,20,20,RU-20,Воробьёв,Vorobyov,430200,0.0030
LK,1,1,LK-1,Perera,Perera,862080,
LK,2,2,LK-2,Fernando,Fernando,520965,
LK,3,3,LK-3,de Silva,de Silva,299772,
LK,4,4,LK-4,Bandara,Bandara,227388,
LK,5,5,LK-5,Kumara,Kumara,201695,
LK,6,6,LK-6,Dissanayake,Dissanayake,172612,
LK,7,7,LK-7,Mohamed,Mohamed,154874,
LK,8,8,LK-8,Gamage,Gamage,149527,
LK,9,9,LK-9,Liyanage,Liyanage,143854,
LK,10,10,LK-10,Jayasinghe,Jayasinghe,142224,
LK,11,11,LK-11,Ranasinghe,Ranasinghe,139680,
LK,12,12,LK-12,Herath,Herath,123182,
LK,13,13,LK-13,Weerasinghe,Weerasinghe,122008,
LK,14,14,LK-14,Peiris,Peiris,115944,
LK,15,15,LK-15,Rathnayake,Rathnayake,102902,
LK,16,16,LK-16,Wickramasinghe,Wickramasinghe,96968,
LK,17,17,LK-17,Wijesinghe,Wijesinghe,94816,
LK,18,18,LK-18,Hettiarachchi,Hettiarachchi,87512,
LK,19,19,LK-19,Nanayakkara,Nanayakkara,78057,
LK,20,20,LK-20,Ahamed,Ahamed,74601,
LK,21,21,LK-21,Rajapaksha,Rajapaksha,71144,
LK,22,22,LK-22,Mendis,Mendis,70623,
LK,23,23,LK-23,Pathirana,Pathirana,70297,
LK,24,24,LK-24,Ekanayake,Ekanayake,69840,
LK,25,25,LK-25,Gunasekara,Gunasekara,69384,
LK,26,26,LK-26,Dias,Dias,67623,
LK,27,27,LK-27,Sampath,Sampath,67232,
LK,28,28,LK-28,Amarasinghe,Amarasinghe,64949,
LK,29,29,LK-29,Ratnayake,Ratnayake,59863,
LK,30,30,LK-30,Chathuranga,Chathuranga,58754,
LK,31,31,LK-31,Senanayake,Senanayake,55037,
LK,32,32,LK-32,Samarasinghe,Samarasinghe,54320,
LK,33,33,LK-33,Lakmal,Lakmal,53733,
LK,34,34,LK-34,Munasinghe,Munasinghe,52755,
LK,35,35,LK-35,Rodrigo,Rodrigo,51777,
LK,36,36,LK-36,Seneviratne,Seneviratne,51581,
LK,37,37,LK-37,Rathnayaka,Rathnayaka,49886,
LK,38,38,LK-38,Edirisinghe,Edirisinghe,48516,
LK,39,39,LK-39,Jayawardena,Jayawardena,48386,
LK,40,40,LK-40,Fonseka,Fonseka,47995,
LK,41,41,LK-41,Sanjeewa,Sanjeewa,47147,
LK,42,42,LK-42,Gunawardana,Gunawardana,46625,
LK,43,43,LK-43,Gunawardena,Gunawardena,45386,
LK,44,44,LK-44,Karunaratne,Karunaratne,44930,
LK,45,45,LK-45,Jayaweera,Jayaweera,43495,
LK,46,46,LK-46,Jayasekara,Jayasekara,43365,
LK,47,47,LK-47,Ranaweera,Ranaweera,42387,
LK,48,48,LK-48,Jayawardana,Jayawardana,40822,
LK,49,49,LK-49,Jayasuriya,Jayasuriya,40561,
LK,50,50,LK-50,Madusanka,Madusanka,40300,
TR,1,1,TR-1,Yılmaz,Yılmaz,,
TR,2,2,TR-2,Kaya,Kaya,,
TR,3,3,TR-3,Demir,Demir,,
TR,4,4,TR-4,Şahin,Şahin,,
TR,5,5,TR-5,Çelik,Çelik,,
TR,6,6,TR-6,Yıldız,Yıldız,,
TR,7,7,TR-7,Yıldırım,Yıldırım,,
TR,8,8,TR-8,Öztürk,Öztürk,,
TR,9,9,TR-9,Aydın,Aydın,,
TR,10,10,TR-10,Özdemir,Özdemir,,
TR,11,11,TR-11,Arslan,Arslan,,
TR,12,12,TR-12,Doğan,Doğan,,
TR,13,13,TR-13,Kılıç,Kılıç,,
TR,14,14,TR-14,Aslan,Aslan,,
TR,15,15,TR-15,Çetin,Çetin,,
TR,16,16,TR-16,Kara,Kara,,
TR,17,17,TR-17,Koç,Koç,,
TR,18,18,TR-18,Kurt,Kurt,,
TR,19,19,TR-19,Özkan,Özkan,,
TR,20,20,TR-20,Şimşek,Şimşek,,
VN,1,1,VN-1,阮,Nguyễn,37038600,0.3800
VN,2,2,VN-2,陳,Trần,10721700,0.1100
VN,3,3,VN-3,黎,Lê,9259650,0.0950
VN,4,4,VN-4,范,Phạm,6920370,0.0710
VN,5,5,VN-5,黃,Huỳnh/Hoàng,4970970,0.0510
VN,6,6,VN-6,潘,Phan,4386150,0.0450
VN,7,7,VN-7,武,Vũ/Võ,3801330,0.0390
VN,8,8,VN-8,鄧,Đặng,2046870,0.0210
VN,9,9,VN-9,裴,Bùi,1949400,0.0200
VN,10,10,VN-10,杜,Đỗ,1364580,0.0140
VN,11,11,VN-11,胡,Hồ,1267110,0.0130
VN,12,12,VN-12,吳,Ngô,1267110,0.0130
VN,13,13,VN-13,楊,Dương,974700,0.0100
VN,14,14,VN-14,李,Lý,487350,0.0050
VN,15,15,VN-15,費,Phí,,
VN,16,16,VN-16,陶,Đào,,
VN,17,17,VN-17,段,Đoàn,,
VN,18,18,VN-18,王,Vương,,
VN,19,19,VN-19,鄭,Trịnh,,
VN,20,20,VN-20,張,Trương,,
VN,21,21,VN-21,林,Lâm,,
VN,22,22,VN-22,馮,Phùng,,
VN,23,23,VN-23,梅,Mai,,
VN,24,24,VN-24,蘇,Tô,,
VN,25,25,VN-25,何,Hà,,
VN,26,26,VN-26,謝,Tạ,,
VN,27,27,VN-27,申,Thân,,
VN,28,28,VN-28,卓,Trác,,
VN,29,29,VN-29,宋,Tống,,
VN,30,30,VN-30,華,Hoa,,
VN,31,31,VN-31,曲,Khúc,,
VN,32,32,VN-32,徐,Từ,,
VN,33,33,VN-33,常,Thường,,
VN,34,34,VN-34,蕭,Tiêu,,
VN,35,35,VN-35,午,Ngọ,,
VN,36,36,VN-36,金,Kim,,
VN,37,37,VN-37,郭,Quách,,
VN,38,38,VN-38,譚,Đàm,,
VN,39,39,VN-39,趙,Triệu,,
VN,40,40,VN-40,莫,Mạc,,
VN,41,41,VN-41,蔡,Thái,,
VN,42,42,VN-42,劉,Lưu,,
VN,43,43,VN-43,石,Thạch,,
VN,44,44,VN-44,梁,Lương,,
TW,1,1,TW-1,陳,Chén,2625698,0.1114
TW,1,1,TW-1,陈,Ch'en,2625698,0.1114
TW,1,1,TW-1,,Can,2625698,0.1114
TW,1,1,TW-1,,Chan,2625698,0.1114
TW,1,1,TW-1,,Chun,2625698,0.1114
TW,1,1,TW-1,,Tân,2625698,0.1114
TW,1,1,TW-1,,Ting,2625698,0.1114
TW,2,2,TW-2,林,Lín,1958667,0.0831
TW,2,2,TW-2,,Lin,1958667,0.0831
TW,2,2,TW-2,,Lam,1958667,0.0831
TW,2,2,TW-2,,Lum,1958667,0.0831
TW,2,2,TW-2,,Lîm,1958667,0.0831
TW,2,2,TW-2,,Lim,1958667,0.0831
TW,2,2,TW-2,,Liem,1958667,0.0831
TW,3,3,TW-3,黃,Huáng,1425985,0.0605
TW,3,3,TW-3,黄,Huang,1425985,0.0605
TW,3,3,TW-3,,Wong,1425985,0.0605
TW,3,3,TW-3,,Wang,1425985,0.0605
TW,3,3,TW-3,,Vang,1425985,0.0605
TW,3,3,TW-3,,Ng,1425985,0.0605
TW,3,3,TW-3,,Eng,1425985,0.0605
TW,3,3,TW-3,,Ung,1425985,0.0605
TW,4,4,TW-4,張,Zhāng,1242139,0.0527
TW,4,4,TW-4,张,Chang,1242139,0.0527
TW,4,4,TW-4,,Zoeng,1242139,0.0527
TW,4,4,TW-4,,Cheung,1242139,0.0527
TW,4,4,TW-4,,Chong,1242139,0.0527
TW,4,4,TW-4,,Cheong,1242139,0.0527
TW,4,4,TW-4,,Tiu,1242139,0.0527
TW,4,4,TW-4,,Teo,1242139,0.0527
TW,4,4,TW-4,,Teoh,1242139,0.0527
TW,4,4,TW-4,,Tiong,1242139,0.0527
TW,5,5,TW-5,李,Lǐ,1209141,0.0513
TW,5,5,TW-5,,Li,1209141,0.0513
TW,5,5,TW-5,,Lei,1209141,0.0513
TW,5,5,TW-5,,Lee,1209141,0.0513
TW,5,5,TW-5,,Li,1209141,0.0513
TW,5,5,TW-5,,Le,1209141,0.0513
TW,5,5,TW-5,,Lei,1209141,0.0513
TW,5,5,TW-5,,Lí,1209141,0.0513
TW,5,5,TW-5,,Lee,1209141,0.0513
TW,6,6,TW-6,王,Wáng,968727,0.0411
TW,6,6,TW-6,,Wang,968727,0.0411
TW,6,6,TW-6,,Vong,968727,0.0411
TW,6,6,TW-6,,Ông,968727,0.0411
TW,6,6,TW-6,,Heng,968727,0.0411
TW,7,7,TW-7,吳,Wú,952228,0.0404
TW,7,7,TW-7,吴,Wu,952228,0.0404
TW,7,7,TW-7,,Gô͘,952228,0.0404
TW,7,7,TW-7,,Ngô͘,952228,0.0404
TW,7,7,TW-7,,Goh,952228,0.0404
TW,7,7,TW-7,,Gouw,952228,0.0404
TW,7,7,TW-7,,Woo,952228,0.0404
TW,8,8,TW-8,劉,Liú,744812,0.0316
TW,8,8,TW-8,刘,Liu,744812,0.0316
TW,8,8,TW-8,,Lau,744812,0.0316
TW,8,8,TW-8,,Lao,744812,0.0316
TW,8,8,TW-8,,Lou,744812,0.0316
TW,8,8,TW-8,,Lâu,744812,0.0316
TW,8,8,TW-8,,Low,744812,0.0316
TW,9,9,TW-9,蔡,Cài,685887,0.0291
TW,9,9,TW-9,,Ts'ai,685887,0.0291
TW,9,9,TW-9,,Coi,685887,0.0291
TW,9,9,TW-9,,Choi,685887,0.0291
TW,9,9,TW-9,,Choy,685887,0.0291
TW,9,9,TW-9,,Tsoi,685887,0.0291
TW,9,9,TW-9,,Toy,685887,0.0291
TW,9,9,TW-9,,Chhoà,685887,0.0291
TW,9,9,TW-9,,Chua,685887,0.0291
TW,9,9,TW-9,,Choa,685887,0.0291
TW,9,9,TW-9,,Tsay,685887,0.0291
TW,9,9,TW-9,,Chai,685887,0.0291
TW,10,10,TW-10,楊,Yáng,626962,0.0266
TW,10,10,TW-10,杨,Yang,626962,0.0266
TW,10,10,TW-10,,Joeng,626962,0.0266
TW,10,10,TW-10,,Yeung,626962,0.0266
TW,10,10,TW-10,,Yeong,626962,0.0266
TW,10,10,TW-10,,Ieong,626962,0.0266
TW,10,10,TW-10,,Iû,626962,0.0266
TW,10,10,TW-10,,Eaw,626962,0.0266
TW,10,10,TW-10,,Young,626962,0.0266
AL,,1,AL-1,Hoxha,Hoxha,,
AL,,2,AL-2,Prifti,Prifti,,
AL,,3,AL-3,Shehu,Shehu,,
AL,,4,AL-4,Dervishi,Dervishi,,
AL,,5,AL-5,Bektashi,Bektashi,,
AL,,6,AL-6,Begu,Begu,,
AL,,7,AL-7,Gjoni,Gjoni,,
AL,,8,AL-8,Leka,Leka,,
AL,,9,AL-9,Gjoni,Gjoni,,
AL,,10,AL-10,Murati,Murati,,
AL,,11,AL-11,Mehmeti,Mehmeti,,
AL,,12,AL-12,Hysi,Hysi,,
AL,,13,AL-13,Gjika,Gjika,,
AL,,14,AL-14,Marku,Marku,,
AL,,15,AL-15,Kola,Kola,,
AL,,15,AL-15,Kolla,Kolla,,
AL,,15,AL-15,Nikolla,Nikolla,,
AL,,16,AL-16,Hasani,Hasani,,
AL,,17,AL-17,Kristi,Kristi,,
AL,,17,AL-17,Kristo,Kristo,,
AL,,18,AL-18,Luka,Luka,,
AL,,19,AL-19,Brahimi,Brahimi,,
AL,,20,AL-20,Sinani,Sinani,,
AL,,21,AL-21,Thanasi,Thanasi,,
AL,,22,AL-22,Halili,Halili,,
AL,,23,AL-23,Abazi,Abazi,,
AL,,24,AL-24,Dibra,Dibra,,
AL,,25,AL-25,Laçi,Laçi,,
AL,,26,AL-26,Shkodra,Shkodra,,
AL,,27,AL-27,Prishtina,Prishtina,,
AL,,28,AL-28,Delvina,Delvina,,
AL,,29,AL-29,Koroveshi,Koroveshi,,
AL,,30,AL-30,Përmeti,Përmeti,,
AL,,31,AL-31,Frashëri,Frashëri,,
AL,,32,AL-32,Gega,Gega,,
AL,,32,AL-32,Gegaj,Gegaj,,
AL,,33,AL-33,Toska,Toska,,
AL,,33,AL-33,Toskaj,Toskaj,,
AL,,34,AL-34,Çami,Çami,,
AL,,35,AL-35,Kelmendi,Kelmendi,,
AL,,36,AL-36,Shkreli,Shkreli,,
AL,,37,AL-37,Berisha,Berisha,,
AL,,38,AL-38,Krasniqi,Krasniqi,,
AL,,39,AL-39,Gashi,Gashi,,
AL,,40,AL-40,Kuqi,Kuqi,,
AL,,41,AL-41,Bardhi,Bardhi,,
AT,1,1,AT-1,Gruber,Gruber,35743,0.0040
AT,2,2,AT-2,Huber,Huber,34686,0.0039
AT,3,3,AT-3,Bauer,Bauer,30208,0.0034
AT,4,4,AT-4,Wagner,Wagner,27763,0.0031
AT,5,5,AT-5,Müller,Müller,26975,0.0030
AT,6,6,AT-6,Pichler,Pichler,24655,0.0028
AT,7,7,AT-7,Steiner,Steiner,24297,0.0027
AT,8,8,AT-8,Moser,Moser,23948,0.0027
AT,9,9,AT-9,Mayer,Mayer,23760,0.0027
AT,10,10,AT-10,Hofer,Hofer,22201,0.0025
AT,11,11,AT-11,Leitner,Leitner,21754,0.0024
AT,12,12,AT-12,Berger,Berger,21342,0.0024
AT,13,13,AT-13,Fuchs,Fuchs,20151,0.0023
AT,14,14,AT-14,Eder,Eder,19201,0.0021
AT,15,15,AT-15,Fischer,Fischer,19174,0.0021
AT,16,16,AT-16,Schmid,Schmid,18941,0.0021
AT,17,17,AT-17,Winkler,Winkler,18046,0.0020
AT,18,18,AT-18,Weber,Weber,17867,0.0020
AT,19,19,AT-19,Schwarz,Schwarz,17562,0.0020
AT,20,20,AT-20,Maier,Maier,17428,0.0019
AT,21,21,AT-21,Schneider,Schneider,17150,0.0019
AT,22,22,AT-22,Reiter,Reiter,16031,0.0018
AT,23,23,AT-23,Mayr,Mayr,15681,0.0018
AT,24,24,AT-24,Schmidt,Schmidt,15583,0.0017
AT,25,25,AT-25,Wimmer,Wimmer,14580,0.0016
AT,26,26,AT-26,Egger,Egger,14419,0.0016
AT,27,27,AT-27,Brunner,Brunner,14347,0.0016
AT,28,28,AT-28,Lang,Lang,14320,0.0016
AT,29,29,AT-29,Baumgartner,Baumgartner,14204,0.0016
AT,30,30,AT-30,Auer,Auer,13926,0.0016
AT,31,31,AT-31,Binder,Binder,13057,0.0015
AT,32,32,AT-32,Lechner,Lechner,12851,0.0014
AT,33,33,AT-33,Wolf,Wolf,12493,0.0014
AT,34,34,AT-34,Wallner,Wallner,12484,0.0014
AT,35,35,AT-35,Aigner,Aigner,12413,0.0014
AT,36,36,AT-36,Ebner,Ebner,12018,0.0013
AT,37,37,AT-37,Koller,Koller,11651,0.0013
AT,38,38,AT-38,Lehner,Lehner,11356,0.0013
AT,39,39,AT-39,Haas,Haas,11293,0.0013
AT,40,40,AT-40,Schuster,Schuster,10460,0.0012
AT,41,41,AT-41,Heilig,Heilig,10397,0.0012
BY,1,1,BY-1,Иванов,Ivanoŭ,7000,
BY,1,1,BY-1,Іваноў,,7000,
BY,2,2,BY-2,Козлов,Kazloŭ,4700,
BY,2,2,BY-2,Казлоў,,4700,
BY,3,3,BY-3,Ковалёв,Kavalioŭ,4300,
BY,3,3,BY-3,Кавалёў,,4300,
BY,4,4,BY-4,Козловский,Kazloŭski,3900,
BY,4,4,BY-4,Казлоўскі,,3900,
BY,5,5,BY-5,Новик,Novik,3300,
BY,5,5,BY-5,Новік,,3300,
BE,1,1,BE-1,Peeters,Peeters,31079,
BE,2,2,BE-2,Janssens,Janssens,28532,
BE,3,3,BE-3,Maes,Maes,24594,
BE,4,4,BE-4,Jacobs,Jacobs,19077,
BE,5,5,BE-5,Mertens,Mertens,17906,
BE,6,6,BE-6,Willems,Willems,17747,
BE,7,7,BE-7,Claes,Claes,15798,
BE,8,8,BE-8,Goossens,Goossens,15269,
BE,9,9,BE-9,Wouters,Wouters,14999,
BE,10,10,BE-10,De Smet,De Smet,13484,
BE,13,11,BE-11,Dubois,Dubois,12387,
BE,17,12,BE-12,Lambert,Lambert,11232,
BE,21,13,BE-13,Dupont,Dupont,9795,
BE,31,14,BE-14,Martin,Martin,8677,
BE,36,15,BE-15,Diallo,Diallo,8159,
BE,37,16,BE-16,Simon,Simon,7533,
BE,40,17,BE-17,Dumont,Dumont,7389,
BE,45,18,BE-18,Leclercq,Leclercq,7117,
BE,47,19,BE-19,Laurent,Laurent,6785,
BE,50,20,BE-20,Denis,Denis,6636,
BE,59,21,BE-21,Lejeune,Lejeune,6246,
BE,119,22,BE-22,Bah,Bah,4516,
BE,234,23,BE-23,Barry,Barry,3332,
BE,318,24,BE-24,Nguyen,Nguyen,2736,
BE,451,25,BE-25,Sow,Sow,2132,
BE,956,26,BE-26,Benali,Benali,1267,
BA,,1,BA-1,Hodžić,Hodžić,,
BA,,2,BA-2,Hadžić,Hadžić,,
BA,,3,BA-3,Čengić,Čengić,,
BA,,4,BA-4,Delić,Delić,,
BA,,5,BA-5,Demirović,Demirović,,
BA,,6,BA-6,Kovačević,Kovačević,,
BA,,7,BA-7,Tahirović,Tahirović,,
BA,,8,BA-8,Ferhatović,Ferhatović,,
BA,,9,BA-9,Muratović,Muratović,,
BA,,10,BA-10,Ibrahimović,Ibrahimović,,
BA,,11,BA-11,Hasanović,Hasanović,,
BA,,12,BA-12,Mehmedović,Mehmedović,,
BA,,13,BA-13,Salihović,Salihović,,
BA,,14,BA-14,Terzić,Terzić,,
BA,,15,BA-15,Ademović,Ademović,,
BA,,16,BA-16,Adilović,Adilović,,
BA,,17,BA-17,Delemović,Delemović,,
BA,,18,BA-18,Zukić,Zukić,,
BA,,19,BA-19,Krličević,Krličević,,
BA,,20,BA-20,Suljić,Suljić,,
BA,,21,BA-21,Ahmetović,Ahmetović,,
BA,,22,BA-22,Kovačević,Kovačević,,
BA,,23,BA-23,Subotić,Subotić,,
BA,,24,BA-24,Savić,Savić,,
BA,,25,BA-25,Popović,Popović,,
BA,,26,BA-26,Jovanović,Jovanović,,
BA,,27,BA-27,Petrović,Petrović,,
BA,,28,BA-28,Đurić,Đurić,,
BA,,29,BA-29,Babić,Babić,,
BA,,30,BA-30,Lukić,Lukić,,
BA,,31,BA-31,Knežević,Knežević,,
BA,,32,BA-32,Marković,Marković,,
BA,,33,BA-33,Ilić,Ilić,,
BA,,34,BA-34,Đukić,Đukić,,
BA,,35,BA-35,Vuković,Vuković,,
BA,,36,BA-36,Vujić,Vujić,,
BA,,37,BA-37,Simić,Simić,,
BA,,38,BA-38,Radić,Radić,,
BA,,39,BA-39,Nikolić,Nikolić,,
BA,,40,BA-40,Marić,Marić,,
BA,,41,BA-41,Mitrović,Mitrović,,
BA,,42,BA-42,Tomić,Tomić,,
BA,,43,BA-43,Božić,Božić,,
BA,,44,BA-44,Golubović,Golubović,,
BA,,45,BA-45,Mirković,Mirković,,
BG,1,1,BG-1,Иванов,Ivanov,277308,
BG,1,1,BG-1,Иванова,Ivanova,277308,
BG,2,2,BG-2,Георгиев,Georgiev,213511,
BG,2,2,BG-2,Георгиева,Georgieva,213511,
BG,3,3,BG-3,Димитров,Dimitrov,205774,
BG,3,3,BG-3,Димитрова,Dimitrova,205774,
BG,4,4,BG-4,Петров,Petrov,138886,
BG,4,4,BG-4,Петрова,Petrova,138886,
BG,5,5,BG-5,Николов,Nikolov,119528,
BG,5,5,BG-5,Николова,Nikolova,119528,
BG,6,6,BG-6,Христов,Hristov,110852,
BG,6,6,BG-6,Христова,Hristova,110852,
BG,7,7,BG-7,Стоянов,Stoyanov,109475,
BG,7,7,BG-7,Стоянова,Stoyanova,109475,
BG,8,8,BG-8,Тодоров,Todorov,106414,
BG,8,8,BG-8,Тодорова,Todorova,106414,
BG,9,9,BG-9,Илиев,Iliev,91075,
BG,9,9,BG-9,Илиева,Ilieva,91075,
BG,10,10,BG-10,Ангелов,Angelov,89614,
BG,10,10,BG-10,Ангелова,Angelova,89614,
HR,1,1,HR-1,Horvat,Horvat,21618,
HR,2,2,HR-2,Kovačević,Kovačević,15160,
HR,3,3,HR-3,Babić,Babić,12840,
HR,4,4,HR-4,Marić,Marić,11555,
HR,5,5,HR-5,Jurić,Jurić,11163,
HR,6,6,HR-6,Novak,Novak,10794,
HR,7,7,HR-7,Kovačić,Kovačić,10546,
HR,8,8,HR-8,Knežević,Knežević,10334,
HR,9,9,HR-9,Vuković,Vuković,10191,
HR,10,10,HR-10,Marković,Marković,9854,
HR,11,11,HR-11,Petrović,Petrović,9614,
HR,12,12,HR-12,Matić,Matić,9960,
HR,13,13,HR-13,Tomić,Tomić,9464,
HR,14,14,HR-14,Pavlović,Pavlović,8601,
HR,15,15,HR-15,Kovač,Kovač,8542,
HR,16,16,HR-16,Božić,Božić,8258,
HR,17,17,HR-17,Blažević,Blažević,8152,
HR,18,18,HR-18,Grgić,Grgić,8010,
HR,19,19,HR-19,Pavić,Pavić,7538,
HR,20,20,HR-20,Radić,Radić,7406,
HR,21,21,HR-21,Perić,Perić,7351,
HR,22,22,HR-22,Filipović,Filipović,7321,
HR,23,23,HR-23,Šarić,Šarić,7184,
HR,24,24,HR-24,Lovrić,Lovrić,7131,
HR,25,25,HR-25,Vidović,Vidović,6986,
HR,26,26,HR-26,Perković,Perković,6903,
HR,27,27,HR-27,Popović,Popović,6797,
HR,28,28,HR-28,Bošnjak,Bošnjak,6760,
HR,29,29,HR-29,Jukić,Jukić,6653,
HR,30,30,HR-30,Barišić,Barišić,6417,
CZ,1,1,CZ-1,Novák,Novák,69726,
CZ,1,1,CZ-1,Nováková,Nováková,69726,
CZ,2,2,CZ-2,Svoboda,Svoboda,51861,
CZ,2,2,CZ-2,Svobodová,Svobodová,51861,
CZ,3,3,CZ-3,Novotný,Novotný,49648,
CZ,3,3,CZ-3,Novotná,Novotná,49648,
CZ,4,4,CZ-4,Dvořák,Dvořák,45744,
CZ,4,4,CZ-4,Dvořáková,Dvořáková,45744,
CZ,5,5,CZ-5,Černý,Černý,36317,
CZ,5,5,CZ-5,Černá,Černá,36317,
CZ,6,6,CZ-6,Procházka,Procházka,32891,
CZ,6,6,CZ-6,Procházková,Procházková,32891,
CZ,7,7,CZ-7,Kučera,Kučera,30876,
CZ,7,7,CZ-7,Kučerová,Kučerová,30876,
CZ,8,8,CZ-8,Veselý,Veselý,26376,
CZ,8,8,CZ-8,Veselá,Veselá,26376,
CZ,9,9,CZ-9,Horák,Horák,24961,
CZ,9,9,CZ-9,Horáková,Horáková,24961,
CZ,10,10,CZ-10,Němec,Němec,22755,
CZ,10,10,CZ-10,Němcová,Němcová,22755,
DK,1,1,DK-1,Nielsen,Nielsen,236397,
DK,2,2,DK-2,Jensen,Jensen,233713,
DK,3,3,DK-3,Hansen,Hansen,197548,
DK,4,4,DK-4,Pedersen,Pedersen,150161,
DK,5,5,DK-5,Andersen,Andersen,149643,
DK,6,6,DK-6,Christensen,Christensen,111816,
DK,7,7,DK-7,Larsen,Larsen,107721,
DK,8,8,DK-8,Sørensen,Sørensen,102848,
DK,9,9,DK-9,Rasmussen,Rasmussen,88351,
DK,10,10,DK-10,Jørgensen,Jørgensen,82285,
DK,11,11,DK-11,Petersen,Petersen,72757,
DK,12,12,DK-12,Madsen,Madsen,60676,
DK,13,13,DK-13,Kristensen,Kristensen,57758,
DK,14,14,DK-14,Olsen,Olsen,44629,
DK,15,15,DK-15,Thomsen,Thomsen,38244,
DK,16,16,DK-16,Christiansen,Christiansen,35143,
DK,17,17,DK-17,Poulsen,Poulsen,30545,
DK,18,18,DK-18,Johansen,Johansen,29866,
DK,19,19,DK-19,Møller,Møller,29481,
DK,20,20,DK-20,Mortensen,Mortensen,28124,
FO,1,1,FO-1,Joensen,Joensen,2372,
FO,2,2,FO-2,Hansen,Hansen,2181,
FO,3,3,FO-3,Jacobsen,Jacobsen,2051,
FO,4,4,FO-4,Olsen,Olsen,1670,
FO,5,5,FO-5,Petersen,Petersen,1298,
FO,6,6,FO-6,Poulsen,Poulsen,1257,
FO,7,7,FO-7,Johannesen,Johannesen,973,
FO,8,8,FO-8,Thomsen,Thomsen,719,
FO,9,9,FO-9,Nielsen,Nielsen,647,
FO,10,10,FO-10,Rasmussen,Rasmussen,539,
FO,11,11,FO-11,Djurhuus,Djurhuus,537,
FO,12,12,FO-12,Johansen,Johansen,535,
FO,13,13,FO-13,Simonsen,Simonsen,526,
FO,14,14,FO-14,Danielsen,Danielsen,524,
FO,15,15,FO-15,Jensen,Jensen,492,
FO,16,16,FO-16,Mortensen,Mortensen,471,
FO,17,17,FO-17,Højgaard,Højgaard,462,
FO,18,18,FO-18,Mikkelsen,Mikkelsen,432,
FO,19,19,FO-19,Sørensen,Sørensen,420,
FO,20,20,FO-20,Dam,Dam,418,
EE,1,1,EE-1,Ivanov,Ivanov,6789,
EE,2,2,EE-2,Tamm,Tamm,5241,
EE,3,3,EE-3,Saar,Saar,4352,
EE,4,4,EE-4,Sepp,Sepp,3624,
EE,5,5,EE-5,Mägi,Mägi,3613,
EE,6,6,EE-6,Smirnov,Smirnov,3402,
EE,7,7,EE-7,Vassiljev,Vassiljev,3153,
EE,8,8,EE-8,Petrov,Petrov,2932,
EE,9,9,EE-9,Kask,Kask,2847,
EE,10,10,EE-10,Kukk,Kukk,2728,
EE,11,11,EE-11,Kuznetsov,Kuznetsov,2339,
EE,12,12,EE-12,Rebane,Rebane,2265,
EE,13,13,EE-13,Karpin,Karpin,2265,
EE,14,14,EE-14,Ilves,Ilves,2165,
EE,15,15,EE-15,Mihhailov,Mihhailov,1968,
EE,16,16,EE-16,Pärn,Pärn,1933,
EE,17,17,EE-17,Pavlov,Pavlov,1927,
EE,18,18,EE-18,Semjonov,Semjonov,1909,
EE,19,19,EE-19,Koppel,Koppel,1882,
EE,20,20,EE-20,Andrejev,Andrejev,1862,
EE,21,21,EE-21,Aleksejev,Aleksejev,1845,
FI,1,1,FI-1,Korhonen,Korhonen,23312,0.0043
FI,2,2,FI-2,Virtanen,Virtanen,23020,0.0042
FI,3,3,FI-3,Mäkinen,Mäkinen,21014,0.0038
FI,4,4,FI-4,Nieminen,Nieminen,20969,0.0038
FI,5,5,FI-5,Mäkelä,Mäkelä,19538,0.0036
FI,6,6,FI-6,Hämäläinen,Hämäläinen,19129,0.0035
FI,7,7,FI-7,Laine,Laine,18752,0.0034
FI,8,8,FI-8,Heikkinen,Heikkinen,17926,0.0033
FI,9,9,FI-9,Koskinen,Koskinen,17737,0.0032
FI,10,10,FI-10,Järvinen,Järvinen,16802,0.0031
FI,11,11,FI-11,Lehtonen,Lehtonen,16649,0.0030
FI,12,12,FI-12,Lehtinen,Lehtinen,15602,0.0029
FI,13,13,FI-13,Saarinen,Saarinen,15295,0.0028
FI,14,14,FI-14,Salminen,Salminen,15087,0.0028
FI,15,15,FI-15,Heinonen,Heinonen,14957,0.0027
FI,16,16,FI-16,Niemi,Niemi,14951,0.0027
FI,17,17,FI-17,Heikkilä,Heikkilä,14558,0.0027
FI,18,18,FI-18,Kinnunen,Kinnunen,14319,0.0026
FI,19,19,FI-19,Salonen,Salonen,14270,0.0026
FI,20,20,FI-20,Turunen,Turunen,13802,0.0025
FI,21,21,FI-21,Salo,Salo,13487,0.0025
FI,22,22,FI-22,Laitinen,Laitinen,13085,0.0024
FI,23,23,FI-23,Tuominen,Tuominen,12852,0.0023
FI,24,24,FI-24,Rantanen,Rantanen,12834,0.0023
FI,25,25,FI-25,Karjalainen,Karjalainen,12830,0.0023
FI,26,26,FI-26,Jokinen,Jokinen,12514,0.0023
FI,27,27,FI-27,Mattila,Mattila,12330,0.0023
FI,28,28,FI-28,Savolainen,Savolainen,11592,0.0021
FI,29,29,FI-29,Lahtinen,Lahtinen,11470,0.0021
FI,30,30,FI-30,Ahonen,Ahonen,11238,0.0021
FR,1,1,FR-1,Martin,Martin,235846,
FR,2,2,FR-2,Bernard,Bernard,105132,
FR,3,3,FR-3,Dubois,Dubois,95998,
FR,4,4,FR-4,Thomas,Thomas,95387,
FR,5,5,FR-5,Robert,Robert,91393,
FR,6,6,FR-6,Richard,Richard,90689,
FR,7,7,FR-7,Petit,Petit,88318,
FR,8,8,FR-8,Durand,Durand,84252,
FR,9,9,FR-9,Leroy,Leroy,78868,
FR,10,10,FR-10,Moreau,Moreau,78177,
FR,11,11,FR-11,Simon,Simon,76655,
FR,12,12,FR-12,Laurent,Laurent,75307,
FR,13,13,FR-13,Lefebvre,Lefebvre,74564,
FR,14,14,FR-14,Michel,Michel,74318,
FR,15,15,FR-15,Garcia,Garcia,68720,
FR,16,16,FR-16,David,David,61762,
FR,17,17,FR-17,Bertrand,Bertrand,59817,
FR,18,18,FR-18,Roux,Roux,59440,
FR,19,19,FR-19,Vincent,Vincent,57351,
FR,20,20,FR-20,Fournier,Fournier,57047,
FR,21,21,FR-21,Morel,Morel,56760,
FR,22,22,FR-22,Girard,Girard,55642,
FR,23,23,FR-23,André,André,55228,
FR,24,24,FR-24,Lefèvre,Lefèvre,53670,
FR,25,25,FR-25,Mercier,Mercier,53622,
FR,26,26,FR-26,Dupont,Dupont,53405,
FR,27,27,FR-27,Lambert,Lambert,51543,
FR,28,28,FR-28,Bonnet,Bonnet,50999,
FR,29,29,FR-29,François,François,50612,
FR,30,30,FR-30,Martinez,Martinez,49762,
DE,1,1,DE-1,Müller,Müller,790400,0.0095
DE,2,2,DE-2,Schmidt,Schmidt,574080,0.0069
DE,3,3,DE-3,Schneider,Schneider,332800,0.0040
DE,4,4,DE-4,Fischer,Fischer,291200,0.0035
DE,5,5,DE-5,Meyer,Meyer,274560,0.0033
DE,6,6,DE-6,Weber,Weber,249600,0.0030
DE,7,7,DE-7,Wagner,Wagner,224640,0.0027
DE,8,8,DE-8,Schulz,Schulz,224640,0.0027
DE,9,9,DE-9,Becker,Becker,224640,0.0027
DE,10,10,DE-10,Hoffmann,Hoffmann,216320,0.0026
GR,,1,GR-1,Σαμαράς,Samaras,,
GR,,2,GR-2,Παπουτσής,Papoutsis,,
GR,,3,GR-3,Κρητικός,Kritikos,,
GR,,4,GR-4,Αϊβαλιώτης,Aivaliotis,,
GR,,5,GR-5,Κοντός,Kontos,,
GR,,6,GR-6,Μυταράς,Mytaras,,
GR,,7,GR-7,Κουφός,Koufos,,
HU,1,1,HU-1,Nagy,Nagy,,
HU,2,2,HU-2,Kovács,Kovács,,
HU,3,3,HU-3,Tóth,Tóth,,
HU,4,4,HU-4,Szabó,Szabó,,
HU,5,5,HU-5,Horváth,Horváth,,
HU,6,6,HU-6,Varga,Varga,,
HU,7,7,HU-7,Kiss,Kiss,,
HU,8,8,HU-8,Molnár,Molnár,,
HU,9,9,HU-9,Németh,Németh,,
HU,10,10,HU-10,Farkas,Farkas,,
HU,11,11,HU-11,Balogh,Balogh,,
HU,12,12,HU-12,Papp,Papp,,
HU,13,13,HU-13,Lakatos,Lakatos,,
HU,14,14,HU-14,Takács,Takács,,
HU,15,15,HU-15,Juhász,Juhász,,
HU,16,16,HU-16,Mészáros,Mészáros,,
HU,17,17,HU-17,Oláh,Oláh,,
HU,18,18,HU-18,Simon,Simon,,
HU,19,19,HU-19,Rácz,Rácz,,
HU,20,20,HU-20,Fekete,Fekete,,
HU,21,21,HU-21,Szilágyi,Szilágyi,,
HU,22,22,HU-22,Török,Török,,
HU,23,23,HU-23,Fehér,Fehér,,
HU,24,24,HU-24,Balázs,Balázs,,
HU,25,25,HU-25,Gál,Gál,,
IS,1,1,IS-1,Blöndal,Blöndal,324,
IS,2,2,IS-2,Thorarensen,Thorarensen,293,
IS,3,3,IS-3,Hansen,Hansen,282,
IS,4,4,IS-4,Olsen,Olsen,224,
IS,5,5,IS-5,Andersen,Andersen,206,
IS,6,6,IS-6,Petersen,Petersen,206,
IS,7,7,IS-7,Möller,Möller,198,
IS,8,8,IS-8,Nielsen,Nielsen,180,
IS,9,9,IS-9,Waage,Waage,171,
IS,10,10,IS-10,Bergmann,Bergmann,158,
IS,11,11,IS-11,Briem,Briem,156,
IS,12,12,IS-12,Thorlacius,Thorlacius,155,
IS,13,13,IS-13,Jensen,Jensen,146,
IS,14,14,IS-14,Hjaltalín,Hjaltalín,137,
IS,15,15,IS-15,Scheving,Scheving,135,
IS,16,16,IS-16,Petersen,Petersen,126,
IS,17,17,IS-17,Kvaran,Kvaran,123,
IS,18,18,IS-18,Fjeldsted,Fjeldsted,123,
IS,19,19,IS-19,Norðdahl,Norðdahl,113,
IS,20,20,IS-20,Berndsen,Berndsen,105,
IE,1,1,IE-1,Ó Murchú,Murphy,,
IE,2,2,IE-2,Ó Ceallaigh,O'Kelly,,
IE,2,2,IE-2,,Kelly,,
IE,3,3,IE-3,Ó Súilleabháin,O'Sullivan,,
IE,3,3,IE-3,,Sullivan,,
IE,4,4,IE-4,Breathnach,Walsh,,
IE,5,5,IE-5,Mac Gabhann,Smith,,
IE,6,6,IE-6,Ó Briain,O'Brien,,
IE,7,7,IE-7,Ó Broin,O'Byrne,,
IE,7,7,IE-7,,Byrne,,
IE,8,8,IE-8,Ó Riain,O'Ryan,,
IE,8,8,IE-8,,Ryan,,
IE,9,9,IE-9,Ó Conchúir,O'Connor,,
IE,10,10,IE-10,Ó Néill,O'Neill,,
IE,11,11,IE-11,Ó Raghallaigh,O'Reilly,,
IE,11,11,IE-11,,Reilly,,
IE,12,12,IE-12,Ó Dubhghaill,Doyle,,
IE,13,13,IE-13,Mac Cárthaigh,McCarthy,,
IE,14,14,IE-14,Ó Gallchóir,O'Gallagher,,
IE,14,14,IE-14,,Gallagher,,
IE,15,15,IE-15,Ó Dochartaigh,O'Doherty,,
IE,15,15,IE-15,,Doherty,,
IE,16,16,IE-16,Ó Cinnéide,Kennedy,,
IE,17,17,IE-17,Ó Loingsigh,Lynch,,
IE,18,18,IE-18,Ó Muireadhaigh,Murray,,
IE,19,19,IE-19,Ó Cuinn,O'Quinn,,
IE,19,19,IE-19,,Quinn,,
IE,20,20,IE-20,Ó Mórdha,O'Moore,,
IE,20,20,IE-20,,Moore,,
IT,1,1,IT-1,Rossi,Rossi,60,
IT,2,2,IT-2,Russo,Russo,43,
IT,3,3,IT-3,Ferrari,Ferrari,34,
IT,4,4,IT-4,Esposito,Esposito,32,
IT,5,5,IT-5,Bianchi,Bianchi,25,
IT,6,6,IT-6,Romano,Romano,24,
IT,7,7,IT-7,Colombo,Colombo,23,
IT,8,8,IT-8,Bruno,Bruno,21,
IT,9,9,IT-9,Ricci,Ricci,20,
IT,10,10,IT-10,Greco,Greco,18,
IT,11,11,IT-11,Marino,Marino,18,
IT,12,12,IT-12,Gallo,Gallo,18,
IT,13,13,IT-13,De Luca,De Luca,17,
IT,14,14,IT-14,Conti,Conti,17,
IT,15,15,IT-15,Costa,Costa,17,
IT,16,16,IT-16,Mancini,Mancini,17,
IT,17,17,IT-17,Giordano,Giordano,17,
IT,18,18,IT-18,Rizzo,Rizzo,16,
IT,19,19,IT-19,Lombardi,Lombardi,15,
IT,20,20,IT-20,Barbieri,Barbieri,14,
IT,21,21,IT-21,Moretti,Moretti,14,
IT,22,22,IT-22,Fontana,Fontana,14,
IT,23,23,IT-23,Caruso,Caruso,14,
IT,24,24,IT-24,Mariani,Mariani,14,
IT,25,25,IT-25,Ferrara,Ferrara,13,
IT,26,26,IT-26,Santoro,Santoro,13,
IT,27,27,IT-27,Rinaldi,Rinaldi,13,
IT,28,28,IT-28,Leone,Leone,13,
IT,29,29,IT-29,D'Angelo,D'Angelo,13,
IT,30,30,IT-30,Longo,Longo,12,
IT,31,31,IT-31,Galli,Galli,12,
IT,32,32,IT-32,Martini,Martini,12,
IT,33,33,IT-33,Martinelli,Martinelli,12,
IT,34,34,IT-34,Serra,Serra,11,
IT,35,35,IT-35,Conte,Conte,11,
IT,36,36,IT-36,Vitale,Vitale,11,
IT,37,37,IT-37,De Santis,De Santis,11,
IT,38,38,IT-38,Marchetti,Marchetti,11,
IT,39,39,IT-39,Messina,Messina,11,
IT,40,40,IT-40,Gentile,Gentile,11,
IT,41,41,IT-41,Villa,Villa,11,
IT,42,42,IT-42,Marini,Marini,11,
IT,43,43,IT-43,Lombardo,Lombardo,11,
IT,44,44,IT-44,Coppola,Coppola,11,
IT,45,45,IT-45,Ferri,Ferri,11,
IT,46,46,IT-46,Parisi,Parisi,11,
IT,47,47,IT-47,De Angelis,De Angelis,11,
IT,48,48,IT-48,Bianco,Bianco,10,
IT,49,49,IT-49,Amato,Amato,10,
IT,50,50,IT-50,Fabbri,Fabbri,10,
IT,51,51,IT-51,Gatti,Gatti,10,
IT,52,52,IT-52,Sala,Sala,10,
IT,53,53,IT-53,Morelli,Morelli,10,
IT,54,54,IT-54,Grasso,Grasso,10,
IT,55,55,IT-55,Pellegrini,Pellegrini,10,
IT,56,56,IT-56,Ferraro,Ferraro,10,
IT,57,57,IT-57,Monti,Monti,10,
IT,58,58,IT-58,Palumbo,Palumbo,10,
IT,59,59,IT-59,Grassi,Grassi,10,
IT,60,60,IT-60,Testa,Testa,10,
IT,61,61,IT-61,Valentini,Valentini,9,
IT,62,62,IT-62,Carbone,Carbone,9,
IT,63,63,IT-63,Benedetti,Benedetti,9,
IT,64,64,IT-64,Silvestri,Silvestri,9,
IT,65,65,IT-65,Farina,Farina,9,
IT,66,66,IT-66,D'Amico,D'Amico,9,
IT,67,67,IT-67,Martino,Martino,9,
IT,68,68,IT-68,Bernardi,Bernardi,9,
IT,69,69,IT-69,Caputo,Caputo,9,
IT,70,70,IT-70,Mazza,Mazza,9,
IT,71,71,IT-71,Sanna,Sanna,9,
IT,72,72,IT-72,Fiore,Fiore,9,
IT,73,73,IT-73,De Rosa,De Rosa,9,
IT,74,74,IT-74,Pellegrino,Pellegrino,9,
IT,75,75,IT-75,Giuliani,Giuliani,9,
IT,76,76,IT-76,Rizzi,Rizzi,9,
IT,77,77,IT-77,Di Stefano,Di Stefano,9,
IT,78,78,IT-78,Cattaneo,Cattaneo,8,
IT,79,79,IT-79,Rossetti,Rossetti,8,
IT,80,80,IT-80,Orlando,Orlando,8,
IT,81,81,IT-81,Basile,Basile,8,
IT,82,82,IT-82,Neri,Neri,8,
IT,83,83,IT-83,Barone,Barone,8,
IT,84,84,IT-84,Palmieri,Palmieri,8,
IT,85,85,IT-85,Riva,Riva,8,
IT,86,86,IT-86,Romeo,Romeo,8,
IT,87,87,IT-87,Franco,Franco,8,
IT,88,88,IT-88,Sorrentino,Sorrentino,8,
IT,89,89,IT-89,Pagano,Pagano,8,
IT,90,90,IT-90,D'Agostino,D'Agostino,8,
IT,91,91,IT-91,Piras,Piras,8,
IT,92,92,IT-92,Ruggiero,Ruggiero,8,
IT,93,93,IT-93,Montanari,Montanari,8,
IT,94,94,IT-94,Battaglia,Battaglia,8,
IT,95,95,IT-95,Bellini,Bellini,8,
IT,96,96,IT-96,Castelli,Castelli,8,
IT,97,97,IT-97,Guerra,Guerra,8,
IT,98,98,IT-98,Poli,Poli,8,
IT,99,99,IT-99,Valente,Valente,7,
IT,100,100,IT-100,Ferretti,Ferretti,7,
XK,1,1,XK-1,Krasniqi,Krasniqi,58199,
XK,2,2,XK-2,Gashi,Gashi,57396,
XK,3,3,XK-3,Berisha,Berisha,43727,
XK,4,4,XK-4,Morina,Morina,27222,
XK,5,5,XK-5,Shala,Shala,25585,
XK,6,6,XK-6,Bytyqi,Bytyqi,18840,
XK,7,7,XK-7,Hasani,Hasani,13187,
XK,8,8,XK-8,Kastrati,Kastrati,13015,
XK,9,9,XK-9,Kryeziu,Kryeziu,12882,
XK,10,10,XK-10,Hoti,Hoti,12709,
XK,11,11,XK-11,Fatime,Fatime,8626,
XK,12,12,XK-12,Bajram,Bajram,6324,
XK,13,13,XK-13,Emine,Emine,5622,
XK,14,14,XK-14,Bekim,Bekim,5470,
XK,15,15,XK-15,Afërdita,Afërdita,5226,
XK,16,16,XK-16,Valon,Valon,5207,
XK,17,17,XK-17,Egzon,Egzon,5180,
XK,18,18,XK-18,Arben,Arben,5114,
XK,19,19,XK-19,Ramadan,Ramadan,5110,
XK,20,20,XK-20,Muhamet,Muhamet,5047,
LV,1,1,LV-1,Bērziņš,Bērziņš,,
LV,2,2,LV-2,Kalniņš,Kalniņš,,
LV,3,3,LV-3,Ozoliņš,Ozoliņš,,
LV,4,4,LV-4,Jansons,Jansons,,
LV,5,5,LV-5,Ozols,Ozols,,
LV,6,6,LV-6,Liepiņš,Liepiņš,,
LV,7,7,LV-7,Krūmiņš,Krūmiņš,,
LV,8,8,LV-8,Balodis,Balodis,,
LV,9,9,LV-9,Eglītis,Eglītis,,
LV,10,10,LV-10,Zariņš,Zariņš,,
LV,11,11,LV-11,Pētersons,Pētersons,,
LV,12,12,LV-12,Vītols,Vītols,,
LV,13,13,LV-13,Kļaviņš,Kļaviņš,,
LV,14,14,LV-14,Kārkliņš,Kārkliņš,,
LV,15,15,LV-15,Vanags,Vanags,,
LT,1,1,LT-1,Kazlauskas,Kazlauskas,,
LT,1,1,LT-1,Kazlauskienė,Kazlauskienė,,
LT,2,2,LT-2,Jankauskas,Jankauskas,,
LT,2,2,LT-2,Jankauskienė,Jankauskienė,,
LT,3,3,LT-3,Petrauskas,Petrauskas,,
LT,3,3,LT-3,Petrauskienė,Petrauskienė,,
LT,4,4,LT-4,Stankevičius,Stankevičius,,
LT,4,4,LT-4,Stankevičienė,Stankevičienė,,
LT,5,5,LT-5,Vasiliauskas,Vasiliauskas,,
LT,5,5,LT-5,Vasiliauskienė,Vasiliauskienė,,
LT,6,6,LT-6,Butkus,Butkus,,
LT,6,6,LT-6,Butkienė,Butkienė,,
LT,7,7,LT-7,Žukauskas,Žukauskas,,
LT,7,7,LT-7,Žukauskienė,Žukauskienė,,
LT,8,8,LT-8,Paulauskas,Paulauskas,,
LT,8,8,LT-8,Paulauskienė,Paulauskienė,,
LT,9,9,LT-9,Urbonas,Urbonas,,
LT,9,9,LT-9,Urbonienė,Urbonienė,,
LT,10,10,LT-10,Kavaliauskas,Kavaliauskas,,
LT,10,10,LT-10,Kavaliauskienė,Kavaliauskienė,,
LU,1,1,LU-1,Schmit,Schmit,1929,
LU,2,2,LU-2,Muller,Muller,1473,
LU,3,3,LU-3,Weber,Weber,1380,
LU,4,4,LU-4,Hoffmann,Hoffmann,1335,
LU,5,5,LU-5,Wagner,Wagner,1300,
LU,6,6,LU-6,Thill,Thill,1027,
LU,7,7,LU-7,Schmitz,Schmitz,939,
LU,8,8,LU-8,Schroeder,Schroeder,793,
LU,9,9,LU-9,Reuter,Reuter,712,
LU,10,10,LU-10,Klein,Klein,706,
LU,11,11,LU-11,Becker,Becker,674,
LU,12,12,LU-12,Kieffer,Kieffer,660,
LU,13,13,LU-13,Kremer,Kremer,650,
LU,14,14,LU-14,Faber,Faber,610,
LU,15,15,LU-15,Meyer,Meyer,556,
LU,16,16,LU-16,Schneider,Schneider,550,
LU,17,17,LU-17,Weiss,Weiss,543,
LU,18,18,LU-18,Schiltz,Schiltz,538,
LU,19,19,LU-19,Simon,Simon,537,
LU,20,20,LU-20,Welter,Welter,533,
LU,21,21,LU-21,Hansen,Hansen,504,
LU,22,22,LU-22,Majerus,Majerus,496,
LU,23,23,LU-23,Ries,Ries,467,
LU,24,24,LU-24,Meyers,Meyers,459,
LU,25,25,LU-25,Kayser,Kayser,451,
LU,26,26,LU-26,Steffen,Steffen,441,
LU,27,27,LU-27,Krier,Krier,438,
LU,28,28,LU-28,Braun,Braun,421,
LU,29,29,LU-29,Wagener,Wagener,411,
LU,30,30,LU-30,Diederich,Diederich,405,
MT,1,1,MT-1,Borg,Borg,13610,0.0330
MT,2,2,MT-2,Camilleri,Camilleri,13090,0.0310
MT,3,3,MT-3,Vella,Vella,12192,0.0290
MT,4,4,MT-4,Farrugia,Farrugia,11953,0.0290
MT,5,5,MT-5,Zammit,Zammit,9769,0.0230
MT,6,6,MT-6,Galea,Galea,8767,0.0210
MT,7,7,MT-7,Micallef,Micallef,8677,0.0210
MT,8,8,MT-8,Grech,Grech,8178,0.0200
MT,9,9,MT-9,Attard,Attard,7680,0.0180
MT,10,10,MT-10,Spiteri,Spiteri,7316,0.0180
MD,1,1,MD-1,Rusu,Rusu,66781,
MD,2,2,MD-2,Ceban,Ceban,60694,
MD,3,3,MD-3,Ciobanu,Ciobanu,49784,
MD,4,4,MD-4,Țurcan,Țurcan,49253,
MD,5,5,MD-5,Cebotari,Cebotari,44845,
MD,6,6,MD-6,Sîrbu,Sîrbu,41095,
MD,7,7,MD-7,Lungu,Lungu,40861,
MD,8,8,MD-8,Munteanu,Munteanu,40321,
MD,9,9,MD-9,Rotari,Rotari,39181,
MD,10,10,MD-10,Popa,Popa,37476,
MD,11,11,MD-11,Ursu,Ursu,33222,
MD,12,12,MD-12,Guțu,Guțu,33155,
MD,13,13,MD-13,Roșca,Roșca,32462,
MD,14,14,MD-14,Melnic,Melnic,30832,
MD,15,15,MD-15,Cojocari,Cojocari,30525,
ME,1,1,ME-1,Popović,Popović,,
ME,2,2,ME-2,Marković,Marković,,
ME,3,3,ME-3,Vujović,Vujović,,
ME,4,4,ME-4,Radović,Radović,,
ME,5,5,ME-5,Ivanović,Ivanović,,
ME,6,6,ME-6,Radulović,Radulović,,
ME,7,7,ME-7,Jovanović,Jovanović,,
ME,8,8,ME-8,Perović,Perović,,
ME,9,9,ME-9,Vuković,Vuković,,
ME,10,10,ME-10,Kovačević,Kovačević,,
NL,1,1,NL-1,De Jong,De Jong,86534,0.0053
NL,2,2,NL-2,Jansen,Jansen,75699,0.0046
NL,3,3,NL-3,De Vries,De Vries,73157,0.0045
NL,4,4,NL-4,Van den Berg,Van den Berg,60130,0.0037
NL,5,5,NL-5,Van Dijk,Van Dijk,57944,0.0035
NL,5,5,NL-5,Van Dyk,Van Dyk,57944,0.0035
NL,6,6,NL-6,Bakker,Bakker,56864,0.0035
NL,7,7,NL-7,Janssen,Janssen,55394,0.0034
NL,8,8,NL-8,Visser,Visser,50929,0.0031
NL,9,9,NL-9,Smit,Smit,43493,0.0027
NL,10,10,NL-10,Meijer,Meijer,41497,0.0025
NL,10,10,NL-10,Meyer,Meyer,41497,0.0025
NL,11,11,NL-11,De Boer,De Boer,39576,0.0024
NL,12,12,NL-12,Mulder,Mulder,37250,0.0023
NL,13,13,NL-13,De Groot,De Groot,37221,0.0023
NL,14,14,NL-14,Bos,Bos,36478,0.0022
NL,15,15,NL-15,Vos,Vos,31154,0.0019
NL,16,16,NL-16,Peters,Peters,30864,0.0019
NL,17,17,NL-17,Hendriks,Hendriks,30199,0.0018
NL,18,18,NL-18,Van Leeuwen,Van Leeuwen,28774,0.0018
NL,19,19,NL-19,Dekker,Dekker,28682,0.0017
NL,20,20,NL-20,Brouwer,Brouwer,26224,0.0016
NL,21,21,NL-21,De Wit,De Wit,24904,0.0015
NL,22,22,NL-22,Dijkstra,Dijkstra,24175,0.0015
NL,23,23,NL-23,Smits,Smits,23816,0.0015
NL,24,24,NL-24,De Graaf,De Graaf,21699,0.0013
NL,25,25,NL-25,Van der Meer,Van der Meer,21354,0.0013
MK,1,1,MK-1,Andov,Andov,,
MK,2,2,MK-2,Angelov,Angelov,,
MK,3,3,MK-3,Bogdanov,Bogdanov,,
MK,4,4,MK-4,Bozinov,Bozinov,,
MK,5,5,MK-5,Brankov,Brankov,,
MK,6,6,MK-6,Damcevski,Damcevski,,
MK,7,7,MK-7,Davidov,Davidov,,
MK,8,8,MK-8,Dimitrov,Dimitrov,,
MK,9,9,MK-9,Donev,Donev,,
MK,10,10,MK-10,Filipov,Filipov,,
MK,11,11,MK-11,Georgiev,Georgiev,,
MK,12,12,MK-12,Ivanov,Ivanov,,
MK,13,13,MK-13,Ivanovski,Ivanovski,,
MK,14,14,MK-14,Janev,Janev,,
MK,15,15,MK-15,Kitanovski,Kitanovski,,
MK,16,16,MK-16,Koloski,Koloski,,
MK,17,17,MK-17,Kostovski,Kostovski,,
MK,18,18,MK-18,Kostov,Kostov,,
MK,19,19,MK-19,Manasievski,Manasievski,,
MK,20,20,MK-20,Markov,Markov,,
MK,21,21,MK-21,Markovski,Markovski,,
MK,22,22,MK-22,Markoski,Markoski,,
MK,23,23,MK-23,Matovski,Matovski,,
MK,24,24,MK-24,Mladenovski,Mladenovski,,
MK,25,25,MK-25,Nikolovski,Nikolovski,,
MK,26,26,MK-26,Pavlovski,Pavlovski,,
MK,27,27,MK-27,Penov,Penov,,
MK,28,28,MK-28,Petkov,Petkov,,
MK,29,29,MK-29,Petrevski,Petrevski,,
MK,30,30,MK-30,Petrovski,Petrovski,,
MK,31,31,MK-31,Popoff,Popoff,,
MK,32,32,MK-32,Popovski,Popovski,,
MK,33,33,MK-33,Ristevski,Ristevski,,
MK,34,34,MK-34,Stojanov,Stojanov,,
MK,35,35,MK-35,Trajanoski,Trajanoski,,
MK,36,36,MK-36,Trajanovski,Trajanovski,,
MK,37,37,MK-37,Trajcevski,Trajcevski,,
MK,38,38,MK-38,Trajkovski,Trajkovski,,
NO,1,1,NO-1,Hansen,Hansen,53011,
NO,2,2,NO-2,Johansen,Johansen,50088,
NO,3,3,NO-3,Olsen,Olsen,49303,
NO,4,4,NO-4,Larsen,Larsen,38,
NO,5,5,NO-5,Andersen,Andersen,37206,
NO,6,6,NO-6,Pedersen,Pedersen,35402,
NO,7,7,NO-7,Nilsen,Nilsen,34941,
NO,8,8,NO-8,Kristiansen,Kristiansen,23595,
NO,9,9,NO-9,Jensen,Jensen,23079,
NO,10,10,NO-10,Karlsen,Karlsen,21330,
NO,11,11,NO-11,Johnsen,Johnsen,20755,
NO,12,12,NO-12,Pettersen,Pettersen,20226,
NO,13,13,NO-13,Eriksen,Eriksen,19241,
NO,14,14,NO-14,Berg,Berg,18133,
NO,15,15,NO-15,Haugen,Haugen,14392,
NO,16,16,NO-16,Hagen,Hagen,14126,
NO,17,17,NO-17,Johannessen,Johannessen,13387,
NO,18,18,NO-18,Andreassen,Andreassen,12139,
NO,19,19,NO-19,Jacobsen,Jacobsen,11925,
NO,20,20,NO-20,Dahl,Dahl,11540,
NO,21,21,NO-21,Jørgensen,Jørgensen,11481,
NO,22,22,NO-22,Halvorsen,Halvorsen,11477,
NO,23,23,NO-23,Henriksen,Henriksen,11364,
NO,24,24,NO-24,Lund,Lund,11282,
PL,1,1,PL-1,Nowak,Nowak,207348,
PL,2,2,PL-2,Kowalski,Kowalski,140471,
PL,3,3,PL-3,Wiśniewski,Wiśniewski,111174,
PL,4,4,PL-4,Wójcik,Wójcik,100064,
PL,5,5,PL-5,Kowalczyk,Kowalczyk,98739,
PL,6,6,PL-6,Kamiński,Kamiński,95816,
PL,7,7,PL-7,Lewandowski,Lewandowski,93404,
PL,8,8,PL-8,Zieliński,Zieliński,91522,
PL,9,9,PL-9,Szymański,Szymański,89698,
PL,10,10,PL-10,Woźniak,Woźniak,89015,
PL,11,11,PL-11,Dąbrowski,Dąbrowski,87304,
PL,12,12,PL-12,Kozłowski,Kozłowski,76657,
PL,13,13,PL-13,Jankowski,Jankowski,69280,
PL,14,14,PL-14,Mazur,Mazur,68090,
PL,15,15,PL-15,Kwiatkowski,Kwiatkowski,66917,
PL,16,16,PL-16,Wojciechowski,Wojciechowski,66879,
PL,17,17,PL-17,Krawczyk,Krawczyk,64543,
PL,18,18,PL-18,Kaczmarek,Kaczmarek,62399,
PL,19,19,PL-19,Piotrowski,Piotrowski,61844,
PL,20,20,PL-20,Grabowski,Grabowski,59052,
PT,1,1,PT-1,Silva,Silva,975152,0.0944
PT,2,2,PT-2,Santos,Santos,615668,0.0596
PT,3,3,PT-3,Ferreira,Ferreira,542325,0.0525
PT,4,4,PT-4,Pereira,Pereira,504104,0.0488
PT,5,5,PT-5,Oliveira,Oliveira,383243,0.0371
PT,6,6,PT-6,Costa,Costa,380144,0.0368
PT,7,7,PT-7,Rodrigues,Rodrigues,368781,0.0357
PT,8,8,PT-8,Martins,Martins,333659,0.0323
PT,9,9,PT-9,Jesus,Jesus,308867,0.0299
PT,10,10,PT-10,Sousa,Sousa,304735,0.0295
PT,11,11,PT-11,Fernandes,Fernandes,291306,0.0282
PT,12,12,PT-12,Gonçalves,Gonçalves,285108,0.0276
PT,13,13,PT-13,Gomes,Gomes,265481,0.0257
PT,14,14,PT-14,Lopes,Lopes,260316,0.0252
PT,15,15,PT-15,Marques,Marques,259283,0.0251
PT,16,16,PT-16,Alves,Alves,244821,0.0237
PT,17,17,PT-17,Almeida,Almeida,234491,0.0227
PT,18,18,PT-18,Ribeiro,Ribeiro,234491,0.0227
PT,19,19,PT-19,Pinto,Pinto,215897,0.0209
PT,20,20,PT-20,Carvalho,Carvalho,203501,0.0197
PT,21,21,PT-21,Teixeira,Teixeira,174577,0.0169
PT,22,22,PT-22,Moreira,Moreira,159082,0.0154
PT,23,23,PT-23,Correia,Correia,158049,0.0153
PT,24,24,PT-24,Mendes,Mendes,143587,0.0139
PT,25,25,PT-25,Nunes,Nunes,136356,0.0132
PT,26,26,PT-26,Soares,Soares,132224,0.0128
PT,27,27,PT-27,Vieira,Vieira,123960,0.0120
PT,28,28,PT-28,Monteiro,Monteiro,114663,0.0111
PT,29,29,PT-29,Cardoso,Cardoso,110531,0.0107
PT,30,30,PT-30,Rocha,Rocha,107432,0.0104
PT,31,31,PT-31,Neves,Neves,101234,0.0098
PT,32,32,PT-32,Coelho,Coelho,100201,0.0097
PT,33,33,PT-33,Cruz,Cruz,97102,0.0094
PT,34,34,PT-34,Cunha,Cunha,96069,0.0093
PT,35,35,PT-35,Pires,Pires,95036,0.0092
PT,36,36,PT-36,Duarte,Duarte,88838,0.0086
PT,37,37,PT-37,Reis,Reis,87805,0.0085
PT,38,38,PT-38,Simões,Simões,87805,0.0085
PT,39,39,PT-39,Antunes,Antunes,84706,0.0082
PT,40,40,PT-40,Matos,Matos,84706,0.0082
PT,41,41,PT-41,Fonseca,Fonseca,83673,0.0081
PT,42,42,PT-42,Machado,Machado,78508,0.0076
PT,43,43,PT-43,Araújo,Araújo,71277,0.0069
PT,44,44,PT-44,Barbosa,Barbosa,71277,0.0069
PT,45,45,PT-45,Tavares,Tavares,69211,0.0067
PT,46,46,PT-46,Lourenço,Lourenço,67145,0.0065
PT,47,47,PT-47,Castro,Castro,64046,0.0062
PT,48,48,PT-48,Figueiredo,Figueiredo,64046,0.0062
PT,49,49,PT-49,Azevedo,Azevedo,61980,0.0060
PT,50,50,PT-50,Freitas,Freitas,61980,0.0060
RO,1,1,RO-1,Popa,Popa,,
RO,2,2,RO-2,Popescu,Popescu,,
RO,3,3,RO-3,Pop,Pop,,
RO,4,4,RO-4,Radu,Radu,,
RO,5,5,RO-5,Dumitru,Dumitru,,
RO,6,6,RO-6,Stan,Stan,,
RO,7,7,RO-7,Stoica,Stoica,,
RO,8,8,RO-8,Gheorghe,Gheorghe,,
RO,9,9,RO-9,Matei,Matei,,
RO,10,10,RO-10,Ciobanu,Ciobanu,,
RO,11,11,RO-11,Ionescu,Ionescu,,
RO,12,12,RO-12,Rusu,Rusu,,
RS,1,1,RS-1,Јовановић,Jovanović,,
RS,2,2,RS-2,Петровић,Petrović,,
RS,3,3,RS-3,Николић,Nikolić,,
RS,4,4,RS-4,Марковић,Marković,,
RS,5,5,RS-5,Ђорђевић,Đorđević,,
RS,6,6,RS-6,Стојановић,Stojanović,,
RS,7,7,RS-7,Илић,Ilić,,
RS,8,8,RS-8,Станковић,Stanković,,
RS,9,9,RS-9,Павловић,Pavlović,,
RS,10,10,RS-10,Милошевић,Milošević,,
SK,1,1,SK-1,Horváth,Horváth,30813,
SK,2,2,SK-2,Kováč,Kováč,29079,
SK,3,3,SK-3,Varga,Varga,21650,
SK,4,4,SK-4,Tóth,Tóth,21604,
SK,5,5,SK-5,Nagy,Nagy,19341,
SK,6,6,SK-6,Baláž,Baláž,14114,
SK,7,7,SK-7,Szabó,Szabó,13998,
SK,8,8,SK-8,Molnár,Molnár,12632,
SK,9,9,SK-9,Balog,Balog,10872,
SK,10,10,SK-10,Lukáč,Lukáč,9718,
SK,11,11,SK-11,Novák,Novák,9712,
SK,12,12,SK-12,Kovács,Kovács,9567,
SK,13,13,SK-13,Polák,Polák,9352,
SK,14,14,SK-14,Gajdoš,Gajdoš,8777,
SK,15,15,SK-15,Kollár,Kollár,8699,
SK,16,16,SK-16,Hudák,Hudák,7895,
SK,17,17,SK-17,Neméth,Neméth,7491,
SK,18,18,SK-18,Kováčik,Kováčik,7472,
SK,19,19,SK-19,Oláh,Oláh,7240,
SK,20,20,SK-20,Oravec,Oravec,7223,
SI,1,1,SI-1,Novak,Novak,11196,
SI,2,2,SI-2,Horvat,Horvat,9762,
SI,3,3,SI-3,Kovačič,Kovačič,5640,
SI,4,4,SI-4,Krajnc,Krajnc,5585,
SI,5,5,SI-5,Zupančič,Zupančič,5019,
SI,6,6,SI-6,Potočnik,Potočnik,4729,
SI,7,7,SI-7,Kovač,Kovač,4729,
SI,8,8,SI-8,Mlakar,Mlakar,3957,
SI,9,9,SI-9,Kos,Kos,3905,
SI,10,10,SI-10,Vidmar,Vidmar,3885,
SI,11,11,SI-11,Golob,Golob,3855,
SI,12,12,SI-12,Turk,Turk,3506,
SI,13,13,SI-13,Božič,Božič,3421,
SI,14,14,SI-14,Kralj,Kralj,3418,
SI,15,15,SI-15,Korošec,Korošec,3285,
SI,16,16,SI-16,Zupan,Zupan,3256,
SI,17,17,SI-17,Bizjak,Bizjak,3209,
SI,18,18,SI-18,Hribar,Hribar,3136,
SI,19,19,SI-19,Kotnik,Kotnik,3069,
SI,20,20,SI-20,Kavčič,Kavčič,3003,
SI,21,21,SI-21,Rozman,Rozman,2992,
SI,22,22,SI-22,Kastelic,Kastelic,2873,
SI,23,23,SI-23,Oblak,Oblak,2841,
SI,24,24,SI-24,Žagar,Žagar,2828,
SI,25,25,SI-25,Petek,Petek,2821,
SI,26,26,SI-26,Hočevar,Hočevar,2808,
SI,27,27,SI-27,Kolar,Kolar,2807,
SI,28,28,SI-28,Košir,Košir,2738,
SI,29,29,SI-29,Koren,Koren,2598,
SI,30,30,SI-30,Klemenčič,Klemenčič,2399,
ES,1,1,ES-1,García,García,1378000,0.0348
ES,2,2,ES-2,Fernández,Fernández,851000,0.0215
ES,3,3,ES-3,González,González,839000,0.0212
ES,4,4,ES-4,Rodríguez,Rodríguez,804000,0.0203
ES,5,5,ES-5,López,López,796000,0.0201
ES,6,6,ES-6,Martínez,Martínez,788000,0.0197
ES,7,7,ES-7,Sánchez,Sánchez,725000,0.0183
ES,8,8,ES-8,Pérez,Pérez,709000,0.0179
ES,9,9,ES-9,Martín,Martín,459000,0.0116
ES,10,10,ES-10,Gómez,Gómez,440000,0.0111
ES,11,11,ES-11,Ruiz,Ruiz,321000,0.0081
ES,12,12,ES-12,Hernández,Hernández,305000,0.0077
ES,13,13,ES-13,Jiménez,Jiménez,293000,0.0074
ES,14,14,ES-14,Díaz,Díaz,293000,0.0074
ES,15,15,ES-15,Álvarez,Álvarez,273000,0.0069
ES,16,16,ES-16,Moreno,Moreno,261000,0.0066
ES,17,17,ES-17,Muñoz,Muñoz,241000,0.0061
ES,18,18,ES-18,Alonso,Alonso,206000,0.0052
ES,19,19,ES-19,Gutiérrez,Gutiérrez,170000,0.0043
ES,20,20,ES-20,Romero,Romero,170000,0.0043
ES,21,21,ES-21,Navarro,Navarro,158400,0.0040
ES,22,22,ES-22,Torres,Torres,134600,0.0034
ES,23,23,ES-23,Domínguez,Domínguez,134600,0.0034
ES,24,24,ES-24,Gil,Gil,134600,0.0034
ES,25,25,ES-25,Vázquez,Vázquez,130000,0.0033
ES,26,26,ES-26,Serrano,Serrano,122700,0.0031
ES,27,27,ES-27,Ramos,Ramos,118000,0.0030
ES,28,28,ES-28,Blanco,Blanco,118000,0.0030
ES,29,29,ES-29,Sanz,Sanz,106900,0.0027
ES,30,30,ES-30,Castro,Castro,102900,0.0026
ES,31,31,ES-31,Suárez,Suárez,102900,0.0026
ES,32,32,ES-32,Ortega,Ortega,99000,0.0025
ES,33,33,ES-33,Rubio,Rubio,99000,0.0025
ES,34,34,ES-34,Molina,Molina,99000,0.0025
ES,35,35,ES-35,Delgado,Delgado,95000,0.0024
ES,36,36,ES-36,Ramírez,Ramírez,95000,0.0024
ES,37,37,ES-37,Morales,Morales,95000,0.0024
ES,38,38,ES-38,Ortiz,Ortiz,87120,0.0022
ES,39,39,ES-39,Marín,Marín,83160,0.0021
ES,40,40,ES-40,Iglesias,Iglesias,83160,0.0021
SV,1,1,SV-1,Andersson,Andersson,251621,
SV,2,2,SV-2,Johansson,Johansson,251495,
SV,3,3,SV-3,Karlsson,Karlsson,223151,
SV,4,4,SV-4,Nilsson,Nilsson,171360,
SV,5,5,SV-5,Eriksson,Eriksson,147514,
SV,6,6,SV-6,Larsson,Larsson,124686,
SV,7,7,SV-7,Olsson,Olsson,114280,
SV,8,8,SV-8,Persson,Persson,107911,
SV,9,9,SV-9,Svensson,Svensson,101834,
SV,10,10,SV-10,Gustafsson,Gustafsson,97536,
SV,11,11,SV-11,Pettersson,Pettersson,96011,
SV,12,12,SV-12,Jonsson,Jonsson,73869,
SV,13,13,SV-13,Jansson,Jansson,50170,
SV,14,14,SV-14,Hansson,Hansson,43926,
SV,15,15,SV-15,Bengtsson,Bengtsson,34302,
SV,16,16,SV-16,Jönsson,Jönsson,32249,
SV,17,17,SV-17,Lindberg,Lindberg,27533,
SV,18,18,SV-18,Jakobsson,Jakobsson,26793,
SV,19,19,SV-19,Magnusson,Magnusson,26562,
SV,20,20,SV-20,Olofsson,Olofsson,26424,
CH,1,1,CH-1,Müller,Müller,31000,
CH,2,2,CH-2,Meier,Meier,19150,
CH,3,3,CH-3,Schmid,Schmid,16900,
CH,4,4,CH-4,Keller,Keller,13000,
CH,5,5,CH-5,Weber,Weber,11850,
CH,6,6,CH-6,Huber,Huber,10550,
CH,7,7,CH-7,Meyer,Meyer,10350,
CH,8,8,CH-8,Schneider,Schneider,10300,
CH,9,9,CH-9,Steiner,Steiner,8950,
CH,10,10,CH-10,Fischer,Fischer,8200,
CH,11,11,CH-11,Brunner,Brunner,8100,
CH,12,12,CH-12,Baumann,Baumann,8000,
CH,13,13,CH-13,Gerber,Gerber,7950,
CH,14,14,CH-14,Frei,Frei,7750,
CH,15,15,CH-15,Moser,Moser,7500,
UA,1,1,UA-1,Melnyk,Melnyk,,
UA,2,2,UA-2,Shevchenko,Shevchenko,,
UA,3,3,UA-3,Boyko,Boyko,,
UA,4,4,UA-4,Kovalenko,Kovalenko,,
UA,5,5,UA-5,Bondarenko,Bondarenko,,
UA,6,6,UA-6,Tkachenko,Tkachenko,,
UA,7,7,UA-7,Kovalchuk,Kovalchuk,,
UA,8,8,UA-8,Kravchenko,Kravchenko,,
UA,9,9,UA-9,Yakovenko,Yakovenko,,
UA,10,10,UA-10,Shevchuk,Shevchuk,,
UA,11,11,UA-11,Koval,Koval,,
UA,12,12,UA-12,Polishchuk,Polishchuk,,
UA,13,13,UA-13,Bondar,Bondar,,
UA,14,14,UA-14,Tkachuk,Tkachuk,,
UA,15,15,UA-15,Moroz,Moroz,,
UA,16,16,UA-16,Marchenko,Marchenko,,
UA,17,17,UA-17,Lysenko,Lysenko,,
UA,18,18,UA-18,Rudenko,Rudenko,,
UA,19,19,UA-19,Savchenko,Savchenko,,
UA,20,20,UA-20,Petrenko,Petrenko,,
GB,1,1,GB-1,Brown,Brown,,
GB,2,2,GB-2,Smith,Smith,,
GB,3,3,GB-3,Patel,Patel,,
GB,4,4,GB-4,Jones,Jones,,
GB,5,5,GB-5,Williams,Williams,,
GB,6,6,GB-6,Johnson,Johnson,,
GB,7,7,GB-7,Taylor,Taylor,,
GB,8,8,GB-8,Thomas,Thomas,,
GB,9,9,GB-9,Roberts,Roberts,,
GB,10,10,GB-10,Khan,Khan,,
GB,11,11,GB-11,Lewis,Lewis,,
GB,12,12,GB-12,Jackson,Jackson,,
GB,13,13,GB-13,Clarke,Clarke,,
GB,14,14,GB-14,James,James,,
GB,15,15,GB-15,Phillips,Phillips,,
GB,16,16,GB-16,Wilson,Wilson,,
GB,17,17,GB-17,Ali,Ali,,
GB,18,18,GB-18,Mason,Mason,,
GB,19,19,GB-19,Mitchell,Mitchell,,
GB,20,20,GB-20,Rose,Rose,,
GB,21,21,GB-21,Davis,Davis,,
GB,22,22,GB-22,Davies,Davies,,
GB,23,23,GB-23,Rodríguez,Rodríguez,,
GB,24,24,GB-24,Cox,Cox,,
GB,25,25,GB-25,Alexander,Alexander,,
CA,1,1,CA-1,Smith,Smith,192145,
CA,2,2,CA-2,Brown,Brown,108859,
CA,3,3,CA-3,Tremblay,Tremblay,106668,
CA,4,4,CA-4,Martin,Martin,91680,
CA,5,5,CA-5,Roy,Roy,90417,
CA,6,6,CA-6,Gagnon,Gagnon,85120,
CA,7,7,CA-7,Lee,Lee,83424,
CA,8,8,CA-8,Wilson,Wilson,82768,
CA,9,9,CA-9,Johnson,Johnson,79492,
CA,10,10,CA-10,MacDonald,MacDonald,78766,
CR,1,1,CR-1,Hernández,Hernández,,
CR,2,2,CR-2,Mora,Mora,,
CR,3,3,CR-3,Rodríguez,Rodríguez,,
CR,4,4,CR-4,González,González,,
CR,5,5,CR-5,Jiménez,Jiménez,,
CR,6,6,CR-6,Morales,Morales,,
CR,7,7,CR-7,Sánchez,Sánchez,,
CR,8,8,CR-8,Ramírez,Ramírez,,
CR,9,9,CR-9,Pérez,Pérez,,
CR,10,10,CR-10,Calderón,Calderón,,
CR,11,11,CR-11,Gutiérrez,Gutiérrez,,
CR,12,12,CR-12,Rojas,Rojas,,
CR,13,13,CR-13,Vargas,Vargas,,
CR,14,14,CR-14,Torres,Torres,,
CR,15,15,CR-15,Salas,Salas,,
CR,16,16,CR-16,Segura,Segura,,
CR,17,17,CR-17,Valverde,Valverde,,
CR,18,18,CR-18,Villalobos,Villalobos,,
CR,19,19,CR-19,Araya,Araya,,
CR,20,20,CR-20,Herrera,Herrera,,
CR,21,21,CR-21,López,López,,
CR,22,22,CR-22,Madrigal,Madrigal,,
CU,1,1,CU-1,Rodríguez,Rodríguez,225321,
CU,2,2,CU-2,Pérez,Pérez,158059,
CU,3,3,CU-3,Martinez,Martinez,141259,
CU,4,4,CU-4,García,García,137124,
CU,5,5,CU-5,Reyes,Reyes,104892,
CU,6,6,CU-6,Sánchez,Sánchez,104392,
CU,7,7,CU-7,Díaz,Díaz,95106,
CU,8,8,CU-8,Peña,Peña,94396,
CU,9,9,CU-9,Jiménez,Jiménez,92978,
CU,10,10,CU-10,Ramírez,Ramírez,92863,
CU,11,11,CU-11,Hernández,Hernández,91080,
CU,12,12,CU-12,Rosario,Rosario,89630,
CU,13,13,CU-13,González,González,85757,
CU,14,14,CU-14,Santana,Santana,81973,
CU,15,15,CU-15,Núñez,Núñez,79374,
CU,16,16,CU-16,Castillo,Castillo,78338,
CU,17,17,CU-17,de la Cruz,de la Cruz,76977,
CU,18,18,CU-18,Cruz,Cruz,64613,
CU,19,19,CU-19,Guzmán,Guzmán,63073,
CU,20,20,CU-20,Gómez,Gómez,62310,
CU,21,21,CU-21,Santos,Santos,60613,
CU,22,22,CU-22,López,López,59566,
CU,23,23,CU-23,Fuentes,Fuentes,58518,
CU,24,24,CU-24,Vásquez,Vásquez,56149,
CU,25,25,CU-25,De Los Santos,De Los Santos,54634,
CU,26,26,CU-26,Mejía,Mejía,51605,
CU,27,27,CU-27,Ponce,Ponce,49952,
CU,28,28,CU-28,Fernández,Fernández,49712,
CU,29,29,CU-29,Vargas,Vargas,49353,
CU,30,30,CU-30,Montes,Montes,48574,
DO,1,1,DO-1,Rodríguez,Rodríguez,225321,
DO,2,2,DO-2,Pérez,Pérez,158059,
DO,3,3,DO-3,Martinez,Martinez,141259,
DO,4,4,DO-4,García,García,137124,
DO,5,5,DO-5,Reyes,Reyes,104892,
DO,6,6,DO-6,Sánchez,Sánchez,104392,
DO,7,7,DO-7,Díaz,Díaz,95106,
DO,8,8,DO-8,Peña,Peña,94396,
DO,9,9,DO-9,Jiménez,Jiménez,92978,
DO,10,10,DO-10,Ramírez,Ramírez,92863,
DO,11,11,DO-11,Hernández,Hernández,91080,
DO,12,12,DO-12,Rosario,Rosario,89630,
DO,13,13,DO-13,González,González,85757,
DO,14,14,DO-14,Santana,Santana,81973,
DO,15,15,DO-15,Núñez,Núñez,79374,
DO,16,16,DO-16,Castillo,Castillo,78338,
DO,17,17,DO-17,de la Cruz,de la Cruz,76977,
DO,18,18,DO-18,Cruz,Cruz,64613,
DO,19,19,DO-19,Guzmán,Guzmán,63073,
DO,20,20,DO-20,Gómez,Gómez,62310,
DO,21,21,DO-21,Santos,Santos,60613,
DO,22,22,DO-22,López,López,59566,
DO,23,23,DO-23,Fuentes,Fuentes,58518,
DO,24,24,DO-24,Vásquez,Vásquez,56149,
DO,25,25,DO-25,De Los Santos,De Los Santos,54634,
DO,26,26,DO-26,Mejía,Mejía,51605,
DO,27,27,DO-27,Ponce,Ponce,49952,
DO,28,28,DO-28,Fernández,Fernández,49712,
DO,29,29,DO-29,Vargas,Vargas,49353,
DO,30,30,DO-30,Montes,Montes,48574,
SV,1,1,SV-1,Hernández,Hernández,,
SV,2,2,SV-2,Martínez,Martínez,,
SV,3,3,SV-3,López,López,,
SV,4,4,SV-4,García,García,,
SV,5,5,SV-5,Rodríguez,Rodríguez,,
SV,6,6,SV-6,Flores,Flores,,
SV,7,7,SV-7,Pérez,Pérez,,
SV,8,8,SV-8,Ramírez,Ramírez,,
SV,9,9,SV-9,González,González,,
SV,10,10,SV-10,Rivera,Rivera,,
SV,11,11,SV-11,Vásquez,Vásquez,,
SV,12,12,SV-12,Cruz,Cruz,,
SV,13,13,SV-13,Mejía,Mejía,,
SV,14,14,SV-14,Rivas,Rivas,,
SV,15,15,SV-15,Sánchez,Sánchez,,
SV,16,16,SV-16,Reyes,Reyes,,
SV,17,17,SV-17,Díaz,Díaz,,
SV,18,18,SV-18,Ramos,Ramos,,
SV,19,19,SV-19,Gómez,Gómez,,
SV,20,20,SV-20,Portillo,Portillo,,
SV,21,21,SV-21,Escobar,Escobar,,
SV,22,22,SV-22,Orellana,Orellana,,
SV,23,23,SV-23,Romero,Romero,,
SV,24,24,SV-24,Aguilar,Aguilar,,
SV,25,25,SV-25,Alvarado,Alvarado,,
GT,1,1,GT-1,López,López,371525,
GT,2,2,GT-2,García,García,285670,
GT,3,3,GT-3,Morales,Morales,228167,
GT,4,4,GT-4,Hernández,Hernández,222755,
GT,5,5,GT-5,Pérez,Pérez,209963,
GT,6,6,GT-6,González,González,208795,
GT,7,7,GT-7,Rodríguez,Rodríguez,135978,
GT,8,8,GT-8,De León,De León,134010,
GT,9,9,GT-9,Ramírez,Ramírez,131796,
GT,10,10,GT-10,Martínez,Martínez,123186,
GT,11,11,GT-11,Castillo,Castillo,116298,
GT,12,12,GT-12,Estrada,Estrada,115252,
GT,13,13,GT-13,Marroquín,Marroquín,113961,
GT,14,14,GT-14,Gómez,Gómez,110824,
GT,15,15,GT-15,Vásquez,Vásquez,102153,
GT,16,16,GT-16,Méndez,Méndez,98462,
GT,17,17,GT-17,Reyes,Reyes,95449,
GT,18,18,GT-18,Díaz,Díaz,94403,
GT,19,19,GT-19,Aguilar,Aguilar,94096,
GT,20,20,GT-20,Velásquez,Velásquez,89975,
MX,1,1,MX-1,Hernández,Hernández,5526929,
MX,2,2,MX-2,García,García,4129360,
MX,3,3,MX-3,Martínez,Martínez,3886887,
MX,4,4,MX-4,González,González,3188693,
MX,5,5,MX-5,López,López,3148024,
MX,6,6,MX-6,Rodríguez,Rodríguez,2744179,
MX,7,7,MX-7,Pérez,Pérez,2746468,
MX,8,8,MX-8,Sánchez,Sánchez,2234625,
MX,9,9,MX-9,Ramírez,Ramírez,2070723,
MX,10,10,MX-10,Flores,Flores,1392707,
MX,11,11,MX-11,Gómez,Gómez,989295,
MX,12,12,MX-12,Torres,Torres,841966,
MX,13,13,MX-13,Díaz,Díaz,811553,
MX,14,14,MX-14,Vásquez,Vásquez,806894,
MX,15,15,MX-15,Cruz,Cruz,800874,
MX,16,16,MX-16,Morales,Morales,771796,
MX,17,17,MX-17,Gutiérrez,Gutiérrez,748789,
MX,18,18,MX-18,Reyes,Reyes,738320,
MX,19,19,MX-19,Ruíz,Ruíz,708718,
MX,20,20,MX-20,Jiménez,Jiménez,670453,
MX,21,21,MX-21,Mendoza,Mendoza,613683,
MX,22,22,MX-22,Aguilar,Aguilar,611904,
MX,23,23,MX-23,Ortíz,Ortíz,576989,
MX,24,24,MX-24,Álvarez,Álvarez,557332,
MX,25,25,MX-25,Castillo,Castillo,553799,
MX,26,26,MX-26,Romero,Romero,540922,
MX,27,27,MX-27,Moreno,Moreno,539927,
MX,28,28,MX-28,Chávez,Chávez,517392,
MX,29,29,MX-29,Rivera,Rivera,508022,
MX,30,30,MX-30,Ramos,Ramos,455728,
MX,31,31,MX-31,Herrera,Herrera,451226,
MX,32,32,MX-32,Medina,Medina,431518,
MX,33,33,MX-33,Vargas,Vargas,427854,
MX,34,34,MX-34,Castro,Castro,419216,
MX,35,35,MX-35,Méndez,Méndez,410239,
MX,36,36,MX-36,Guzmán,Guzmán,392284,
MX,37,37,MX-37,Fernández,Fernández,385741,
MX,38,38,MX-38,Juárez,Juárez,384929,
MX,39,39,MX-39,Muñoz,Muñoz,376633,
MX,40,40,MX-40,Ortega,Ortega,372471,
MX,41,41,MX-41,Salazar,Salazar,368231,
MX,42,42,MX-42,Rojas,Rojas,365457,
MX,43,43,MX-43,Guerrero,Guerrero,361557,
MX,44,44,MX-44,Contreras,Contreras,358521,
MX,45,45,MX-45,Luna,Luna,357578,
MX,46,46,MX-46,Domínguez,Domínguez,348182,
MX,47,47,MX-47,Garza,Garza,335829,
MX,48,48,MX-48,Velásquez,Velásquez,331510,
MX,49,49,MX-49,Estrada,Estrada,324103,
MX,50,50,MX-50,Soto,Soto,306227,
MX,51,51,MX-51,Cortez,Cortez,301954,
MX,52,52,MX-52,Lara,Lara,298034,
MX,53,53,MX-53,Espinoza,Espinoza,289842,
MX,54,54,MX-54,Vega,Vega,285864,
MX,55,55,MX-55,Ávila,Ávila,284530,
MX,56,56,MX-56,Cervantes,Cervantes,276101,
MX,57,57,MX-57,Sandoval,Sandoval,273091,
MX,58,58,MX-58,Carrillo,Carrillo,267333,
MX,59,59,MX-59,Alvarado,Alvarado,266993,
MX,60,60,MX-60,Silva,Silva,265553,
MX,61,61,MX-61,León,León,260246,
MX,62,62,MX-62,Ríos,Ríos,260141,
MX,63,63,MX-63,Navarro,Navarro,258408,
MX,64,64,MX-64,Delgado,Delgado,254273,
MX,65,65,MX-65,Márquez,Márquez,248933,
MX,66,66,MX-66,Campos,Campos,246709,
MX,67,67,MX-67,Ibarra,Ibarra,241343,
MX,68,68,MX-68,Solís,Solís,240008,
MX,69,69,MX-69,Rosas,Rosas,237339,
MX,70,70,MX-70,Miranda,Miranda,233910,
MX,71,71,MX-71,Camacho,Camacho,233858,
MX,72,72,MX-72,Valdez,Valdez,232680,
MX,73,73,MX-73,Cárdenas,Cárdenas,230848,
MX,74,74,MX-74,Orozco,Orozco,228963,
MX,75,75,MX-75,Aguirre,Aguirre,228754,
MX,76,76,MX-76,Mejía,Mejía,227392,
MX,77,77,MX-77,Acosta,Acosta,224385,
MX,78,78,MX-78,Padilla,Padilla,223205,
MX,79,79,MX-79,Robles,Robles,222472,
MX,80,80,MX-80,Núñez,Núñez,222153,
MX,81,81,MX-81,Peña,Peña,220868,
MX,82,82,MX-82,Cabrera,Cabrera,220647,
MX,83,83,MX-83,Rosales,Rosales,218935,
MX,84,84,MX-84,Molina,Molina,217049,
MX,85,85,MX-85,Pacheco,Pacheco,212981,
MX,86,86,MX-86,Castañeda,Castañeda,212078,
MX,87,87,MX-87,Fuentes,Fuentes,210342,
MX,88,88,MX-88,Valenzuela,Valenzuela,210221,
MX,89,89,MX-89,Rangel,Rangel,209232,
MX,90,90,MX-90,Ayala,Ayala,208964,
MX,91,91,MX-91,Meza,Meza,207662,
MX,92,92,MX-92,Nava,Nava,203308,
MX,93,93,MX-93,Valencia,Valencia,198634,
MX,94,94,MX-94,Maldonado,Maldonado,195043,
MX,95,95,MX-95,Ochoa,Ochoa,192341,
MX,96,96,MX-96,Serrano,Serrano,185071,
MX,97,97,MX-97,Tapia,Tapia,183351,
MX,98,98,MX-98,Salinas,Salinas,183098,
MX,99,99,MX-99,Suárez,Suárez,182020,
MX,100,100,MX-100,Zamora,Zamora,181835,
US,1,1,US-1,Smith,Smith,2376207,
US,2,2,US-2,Johnson,Johnson,1857160,
US,3,3,US-3,Williams,Williams,1534042,
US,4,4,US-4,Brown,Brown,1380145,
US,5,5,US-5,Jones,Jones,1362755,
US,6,6,US-6,Miller,Miller,1127803,
US,7,7,US-7,Davis,Davis,1072335,
US,8,8,US-8,Garcia,Garcia,858289,
US,9,9,US-9,Rodriguez,Rodriguez,804240,
US,10,10,US-10,Wilson,Wilson,783051,
US,11,11,US-11,Martinez,Martinez,775072,
US,12,12,US-12,Anderson,Anderson,762394,
US,13,13,US-13,Taylor,Taylor,720370,
US,14,14,US-14,Thomas,Thomas,710696,
US,15,15,US-15,Hernandez,Hernandez,706372,
US,16,16,US-16,Moore,Moore,698671,
US,17,17,US-17,Martin,Martin,672711,
US,18,18,US-18,Jackson,Jackson,666125,
US,19,19,US-19,Thompson,Thompson,644368,
US,20,20,US-20,White,White,639515,
US,21,21,US-21,Lopez,Lopez,621536,
US,22,22,US-22,Lee,Lee,605860,
US,23,23,US-23,Gonzalez,Gonzalez,597718,
US,24,24,US-24,Harris,Harris,593542,
US,25,25,US-25,Clark,Clark,548369,
US,26,26,US-26,Lewis,Lewis,509930,
US,27,27,US-27,Robinson,Robinson,503028,
US,28,28,US-28,Walker,Walker,501307,
US,29,29,US-29,Perez,Perez,488521,
US,30,30,US-30,Hall,Hall,473568,
US,31,31,US-31,Young,Young,465948,
US,32,32,US-32,Allen,Allen,463368,
US,33,33,US-33,Sanchez,Sanchez,441242,
US,34,34,US-34,Wright,Wright,440367,
US,35,35,US-35,King,King,438986,
US,36,36,US-36,Scott,Scott,420091,
US,37,37,US-37,Green,Green,413477,
US,38,38,US-38,Baker,Baker,413351,
US,39,39,US-39,Adams,Adams,413086,
US,40,40,US-40,Nelson,Nelson,412236,
US,41,41,US-41,Hill,Hill,411770,
US,42,42,US-42,Ramirez,Ramirez,388987,
US,43,43,US-43,Campbell,Campbell,371953,
US,44,44,US-44,Mitchell,Mitchell,367433,
US,45,45,US-45,Roberts,Roberts,366215,
US,46,46,US-46,Carter,Carter,362548,
US,47,47,US-47,Phillips,Phillips,351848,
US,48,48,US-48,Evans,Evans,342237,
US,49,49,US-49,Turner,Turner,335663,
US,50,50,US-50,Torres,Torres,325169,
US,51,51,US-51,Parker,Parker,324246,
US,52,52,US-52,Collins,Collins,317848,
US,53,53,US-53,Edwards,Edwards,317070,
US,54,54,US-54,Stewart,Stewart,312899,
US,55,55,US-55,Flores,Flores,312615,
US,56,56,US-56,Morris,Morris,311754,
US,57,57,US-57,Nguyen,Nguyen,310125,
US,58,58,US-58,Murphy,Murphy,300501,
US,59,59,US-59,Rivera,Rivera,299463,
US,60,60,US-60,Cook,Cook,294795,
US,61,61,US-61,Rogers,Rogers,294403,
US,62,62,US-62,Morgan,Morgan,276400,
US,63,63,US-63,Peterson,Peterson,275041,
US,64,64,US-64,Cooper,Cooper,270097,
US,65,65,US-65,Reed,Reed,267443,
US,66,66,US-66,Bailey,Bailey,265916,
US,67,67,US-67,Bell,Bell,264752,
US,68,68,US-68,Gomez,Gomez,263590,
US,69,69,US-69,Kelly,Kelly,260385,
US,70,70,US-70,Howard,Howard,254779,
US,71,71,US-71,Ward,Ward,254121,
US,72,72,US-72,Cox,Cox,253771,
US,73,73,US-73,Diaz,Diaz,251772,
US,74,74,US-74,Richardson,Richardson,249533,
US,75,75,US-75,Wood,Wood,247299,
US,76,76,US-76,Watson,Watson,242432,
US,77,77,US-77,Brooks,Brooks,240751,
US,78,78,US-78,Bennett,Bennett,239055,
US,79,79,US-79,Gray,Gray,236713,
US,80,80,US-80,James,James,233224,
US,81,81,US-81,Reyes,Reyes,232511,
US,82,82,US-82,Cruz,Cruz,231065,
US,83,83,US-83,Hughes,Hughes,229390,
US,84,84,US-84,Price,Price,228756,
US,85,85,US-85,Myers,Myers,224824,
US,86,86,US-86,Long,Long,223494,
US,87,87,US-87,Foster,Foster,221040,
US,88,88,US-88,Sanders,Sanders,220902,
US,89,89,US-89,Ross,Ross,219961,
US,90,90,US-90,Morales,Morales,217642,
US,91,91,US-91,Powell,Powell,216553,
US,92,92,US-92,Sullivan,Sullivan,215640,
US,93,93,US-93,Russell,Russell,215432,
US,94,94,US-94,Ortiz,Ortiz,214683,
US,95,95,US-95,Jenkins,Jenkins,213737,
US,96,96,US-96,Gutierrez,Gutierrez,212905,
US,97,97,US-97,Perry,Perry,212644,
US,98,98,US-98,Butler,Butler,210879,
US,99,99,US-99,Barnes,Barnes,210426,
US,100,100,US-100,Fisher,Fisher,210279,
AU,1,1,AU-1,Smith,Smith,114997,
AU,2,2,AU-2,Jones,Jones,55679,
AU,3,3,AU-3,Williams,Williams,55555,
AU,4,4,AU-4,Brown,Brown,54896,
AU,5,5,AU-5,Wilson,Wilson,46961,
AU,6,6,AU-6,Taylor,Taylor,45328,
AU,7,7,AU-7,Johnson,Johnson,33435,
AU,8,8,AU-8,White,White,31099,
AU,9,9,AU-9,Martin,Martin,31058,
AU,10,10,AU-10,Anderson,Anderson,30910,
AU,11,11,AU-11,Thompson,Thompson,29931,
AU,12,12,AU-12,Nguyen,Nguyen,29798,
AU,13,13,AU-13,Turner,Turner,27276,
AU,14,14,AU-14,Walker,Walker,26688,
AU,15,15,AU-15,Harris,Harris,26025,
AU,16,16,AU-16,Lee,Lee,25612,
AU,17,17,AU-17,Ryan,Ryan,25526,
AU,18,18,AU-18,Robinson,Robinson,25168,
AU,19,19,AU-19,Kelly,Kelly,25014,
AU,20,20,AU-20,Murphy,Murphy,24993,
FJ,1,1,FJ-1,Kumar,Kumar,,
FJ,2,2,FJ-2,Prasad,Prasad,,
FJ,3,3,FJ-3,Chand,Chand,,
FJ,4,4,FJ-4,Singh,Singh,,
FJ,5,5,FJ-5,Lal,Lal,,
FJ,6,6,FJ-6,Sharma,Sharma,,
FJ,7,7,FJ-7,Narayan,Narayan,,
FJ,8,8,FJ-8,Khan,Khan,,
FJ,9,9,FJ-9,Ali,Ali,,
FJ,10,10,FJ-10,Devi,Devi,,
FJ,11,11,FJ-11,Ram,Ram,,
FJ,12,12,FJ-12,Naidu,Naidu,,
FJ,13,13,FJ-13,Chandra,Chandra,,
FJ,14,14,FJ-14,Nand,Nand,,
FJ,15,15,FJ-15,Lata,Lata,,
FJ,16,16,FJ-16,Deo,Deo,,
FJ,17,17,FJ-17,Reddy,Reddy,,
FJ,18,18,FJ-18,Prakash,Prakash,,
FJ,19,19,FJ-19,Raj,Raj,,
FJ,20,20,FJ-20,Maharaj,Maharaj,,
FJ,21,21,FJ-21,Waqa,Waqa,,
FJ,22,22,FJ-22,Goundar,Goundar,,
NZ,1,1,NZ-1,Singh,Singh,,
NZ,2,2,NZ-2,Smith,Smith,,
NZ,3,3,NZ-3,Kaur,Kaur,,
NZ,4,4,NZ-4,Williams,Williams,,
NZ,5,5,NZ-5,Patel,Patel,,
NZ,6,6,NZ-6,Wilson,Wilson,,
NZ,7,7,NZ-7,Brown,Brown,,
NZ,8,8,NZ-8,Taylor,Taylor,,
NZ,9,9,NZ-9,Jones,Jones,,
NZ,10,10,NZ-10,Sharma,Sharma,,
AR,1,1,AR-1,González,González,568240,0.0147
AR,2,2,AR-2,Rodríguez,Rodríguez,483212,0.0125
AR,3,3,AR-3,Fernández,Fernández,426253,0.0110
AR,4,4,AR-4,García,García,411462,0.0107
AR,5,5,AR-5,López,López,393704,0.0102
AR,6,6,AR-6,Martínez,Martínez,346271,0.0090
AR,7,7,AR-7,Pérez,Pérez,336094,0.0087
AR,8,8,AR-8,Álvarez,Álvarez,294527,0.0076
AR,9,9,AR-9,Gómez,Gómez,290821,0.0075
AR,10,10,AR-10,Sánchez,Sánchez,271351,0.0070
AR,11,11,AR-11,Díaz,Díaz,256397,0.0066
AR,12,12,AR-12,Vásquez,Vásquez,187974,0.0049
AR,13,13,AR-13,Castro,Castro,173055,0.0045
AR,14,14,AR-14,Romero,Romero,166497,0.0043
AR,15,15,AR-15,Suárez,Suárez,160483,0.0042
AR,16,16,AR-16,Blanco,Blanco,154248,0.0040
AR,17,17,AR-17,Ruiz,Ruiz,140829,0.0036
AR,18,18,AR-18,Alonso,Alonso,135893,0.0035
AR,19,19,AR-19,Torres,Torres,133599,0.0035
AR,20,20,AR-20,Domínguez,Domínguez,132625,0.0034
AR,21,21,AR-21,Gutiérrez,Gutiérrez,130607,0.0034
AR,22,22,AR-22,Sosa,Sosa,129372,0.0034
AR,23,23,AR-23,Iglesias,Iglesias,126822,0.0033
AR,24,24,AR-24,Giménez,Giménez,125009,0.0032
AR,25,25,AR-25,Ramírez,Ramírez,124550,0.0032
AR,26,26,AR-26,Martín,Martín,123938,0.0032
AR,27,27,AR-27,Varela,Varela,119674,0.0031
AR,28,28,AR-28,Ramos,Ramos,118825,0.0031
AR,29,29,AR-29,Núñez,Núñez,118106,0.0031
AR,30,30,AR-30,Rossi,Rossi,116775,0.0030
AR,31,31,AR-31,Silva,Silva,107835,0.0028
AR,32,32,AR-32,Méndez,Méndez,104668,0.0027
AR,33,33,AR-33,Hernández,Hernández,104581,0.0027
AR,34,34,AR-34,Flores,Flores,100092,0.0026
AR,35,35,AR-35,Pereyra,Pereyra,99884,0.0026
AR,36,36,AR-36,Ferrari,Ferrari,98761,0.0026
AR,37,37,AR-37,Ortiz,Ortiz,96761,0.0025
AR,38,38,AR-38,Medina,Medina,96228,0.0025
AR,39,39,AR-39,Benítez,Benítez,95628,0.0025
AR,40,40,AR-40,Herrera,Herrera,94781,0.0025
AR,41,41,AR-41,Arias,Arias,94537,0.0025
AR,42,42,AR-42,Acosta,Acosta,92707,0.0024
AR,43,43,AR-43,Moreno,Moreno,92127,0.0024
AR,44,44,AR-44,Aguirre,Aguirre,91365,0.0024
AR,45,45,AR-45,Otero,Otero,89583,0.0023
AR,46,46,AR-46,Cabrera,Cabrera,88398,0.0023
AR,47,47,AR-47,Rey,Rey,88394,0.0023
AR,48,48,AR-48,Rojas,Rojas,81343,0.0021
AR,49,49,AR-49,Vidal,Vidal,80233,0.0021
AR,50,50,AR-50,Molina,Molina,80050,0.0021
AR,51,51,AR-51,Russo,Russo,79882,0.0021
AR,52,52,AR-52,Paz,Paz,75365,0.0020
AR,53,53,AR-53,Vega,Vega,74107,0.0019
AR,54,54,AR-54,Costa,Costa,73932,0.0019
AR,55,55,AR-55,Bruno,Bruno,73907,0.0019
AR,56,56,AR-56,Romano,Romano,73458,0.0019
AR,57,57,AR-57,Morales,Morales,71587,0.0019
AR,58,58,AR-58,Ríos,Ríos,71534,0.0019
AR,59,59,AR-59,Miranda,Miranda,70713,0.0018
AR,60,60,AR-60,Muñoz,Muñoz,70092,0.0018
AR,61,61,AR-61,Franco,Franco,70055,0.0018
AR,62,62,AR-62,Castillo,Castillo,69720,0.0018
AR,63,63,AR-63,Campos,Campos,69447,0.0018
AR,64,64,AR-64,Bianchi,Bianchi,68510,0.0018
AR,65,65,AR-65,Luna,Luna,66763,0.0017
AR,66,66,AR-66,Correa,Correa,66535,0.0017
AR,67,67,AR-67,Ferreyra,Ferreyra,66461,0.0017
AR,68,68,AR-68,Navarro,Navarro,66457,0.0017
AR,69,69,AR-69,Quiroga,Quiroga,66138,0.0017
AR,70,70,AR-70,Colombo,Colombo,65375,0.0017
AR,71,71,AR-71,Cohen,Cohen,63575,0.0016
AR,72,72,AR-72,Pereyra,Pereyra,63367,0.0016
AR,73,73,AR-73,Vera,Vera,63226,0.0016
AR,74,74,AR-74,Lorenzo,Lorenzo,63157,0.0016
AR,75,75,AR-75,Gil,Gil,62727,0.0016
AR,76,76,AR-76,Santos,Santos,60580,0.0016
AR,77,77,AR-77,Delgado,Delgado,59333,0.0015
AR,78,78,AR-78,Godoy,Godoy,58956,0.0015
AR,79,79,AR-79,Rivas,Rivas,58811,0.0015
AR,80,80,AR-80,Rivero,Rivero,58604,0.0015
AR,81,81,AR-81,Gallo,Gallo,57990,0.0015
AR,82,82,AR-82,Peralta,Peralta,57192,0.0015
AR,83,83,AR-83,Soto,Soto,55633,0.0014
AR,84,84,AR-84,Figueroa,Figueroa,55515,0.0014
AR,85,85,AR-85,Juárez,Juárez,55310,0.0014
AR,86,86,AR-86,Marino,Marino,54806,0.0014
AR,87,87,AR-87,Ponce,Ponce,54009,0.0014
AR,88,88,AR-88,Calvo,Calvo,52282,0.0014
AR,89,89,AR-89,Ibáñez,Ibáñez,51972,0.0013
AR,90,90,AR-90,Cáceres,Cáceres,51493,0.0013
AR,91,91,AR-91,Carrizo,Carrizo,50657,0.0013
AR,92,92,AR-92,Vargas,Vargas,50613,0.0013
AR,93,93,AR-93,Mendoza,Mendoza,50588,0.0013
AR,94,94,AR-94,Aguilar,Aguilar,49717,0.0013
AR,95,95,AR-95,Ledesma,Ledesma,49645,0.0013
AR,96,96,AR-96,Guzmán,Guzmán,49543,0.0013
AR,97,97,AR-97,Soria,Soria,49291,0.0013
AR,98,98,AR-98,Villalba,Villalba,48602,0.0013
AR,99,99,AR-99,Prieto,Prieto,48355,0.0013
AR,100,100,AR-100,Maldonado,Maldonado,47344,0.0012
BR,1,1,BR-1,Silva,Silva,20882120,0.1050
BR,2,2,BR-2,Santos,Santos,13433982,0.0680
BR,3,3,BR-3,Sousa,Sousa,9810832,0.0490
BR,4,4,BR-4,Oliveira,Oliveira,6209493,0.0310
BR,5,5,BR-5,Pereira,Pereira,5892937,0.0290
BR,6,6,BR-6,Lima,Lima,5007393,0.0250
BR,7,7,BR-7,Carvalho,Carvalho,4630387,0.0233
BR,8,8,BR-8,Ferreira,Ferreira,4590010,0.0229
BR,9,9,BR-9,Rodrigues,Rodrigues,4510002,0.0227
BR,10,10,BR-10,Almeida,Almeida,4393398,0.0216
BR,11,11,BR-11,Costa,Costa,3905800,0.0194
BR,12,12,BR-12,Gomes,Gomes,3848000,0.0192
BR,13,13,BR-13,Martins,Martins,3650200,0.0183
BR,14,14,BR-14,Araújo,Araújo,3320780,0.0169
BR,15,15,BR-15,Melo,Melo,3209000,0.0162
BR,16,16,BR-16,Barbosa,Barbosa,3040300,0.0152
BR,17,17,BR-17,Ribeiro,Ribeiro,3010000,0.0150
BR,18,18,BR-18,Alves,Alves,2960500,0.0148
BR,19,19,BR-19,Cardoso,Cardoso,2830120,0.0141
BR,20,20,BR-20,Schmitz,Schmitz,2673000,0.0133
BR,20,20,BR-20,Schmidt,Schmidt,2673000,0.0133
BR,21,21,BR-21,Rocha,Rocha,2540600,0.0127
BR,22,22,BR-22,Correia,Correia,2505070,0.0125
BR,22,22,BR-22,Correa,Correa,2505070,0.0125
BR,23,23,BR-23,Dias,Dias,2467000,0.0123
BR,24,24,BR-24,Teixeira,Teixeira,2408500,0.0120
BR,25,25,BR-25,Fernandes,Fernandes,2379700,0.0120
BR,26,26,BR-26,Azevedo,Azevedo,2370000,0.0119
BR,27,27,BR-27,Cavalcante,Cavalcante,2366300,0.0119
BR,27,27,BR-27,Cavalcanti,Cavalcanti,2366300,0.0119
BR,28,28,BR-28,Montes,Montes,2362000,0.0118
BR,29,29,BR-29,Morais,Morais,2354500,0.0118
BR,30,30,BR-30,Gonçalves,Gonçalves,2348000,0.0117
CL,1,1,CL-1,González,González,741388,
CL,2,2,CL-2,Muñoz,Muñoz,578673,
CL,3,3,CL-3,Rojas,Rojas,413897,
CL,4,4,CL-4,Díaz,Díaz,410802,
CL,5,5,CL-5,Pérez,Pérez,326867,
CL,6,6,CL-6,Soto,Soto,298062,
CL,7,7,CL-7,Contreras,Contreras,276887,
CL,8,8,CL-8,Silva,Silva,259950,
CL,9,9,CL-9,Martínez,Martínez,252966,
CL,10,10,CL-10,Sepúlveda,Sepúlveda,251078,
CL,11,11,CL-11,Morales,Morales,248448,
CL,12,12,CL-12,Rodríguez,Rodríguez,243695,
CL,13,13,CL-13,López,López,240181,
CL,14,14,CL-14,Fuentes,Fuentes,228609,
CL,15,15,CL-15,Hernández,Hernández,226848,
CL,16,16,CL-16,Torres,Torres,226480,
CL,17,17,CL-17,Araya,Araya,224232,
CL,18,18,CL-18,Flores,Flores,221231,
CL,19,19,CL-19,Espinoza,Espinoza,219375,
CL,20,20,CL-20,Valenzuela,Valenzuela,215025,
CL,21,21,CL-21,Castillo,Castillo,213321,
CL,22,22,CL-22,Ramírez,Ramírez,211191,
CL,23,23,CL-23,Reyes,Reyes,208752,
CL,24,24,CL-24,Gutiérrez,Gutiérrez,201734,
CL,25,25,CL-25,Castro,Castro,199508,
CL,26,26,CL-26,Vargas,Vargas,198471,
CL,27,27,CL-27,Álvarez,Álvarez,193002,
CL,28,28,CL-28,Vásquez,Vásquez,189946,
CL,29,29,CL-29,Tapia,Tapia,179905,
CL,30,30,CL-30,Fernández,Fernández,179246,
CL,31,31,CL-31,Sánchez,Sánchez,178615,
CL,32,32,CL-32,Carrasco,Carrasco,172877,
CL,33,33,CL-33,Gómez,Gómez,172758,
CL,34,34,CL-34,Cortés,Cortés,171370,
CL,35,35,CL-35,Herrera,Herrera,170309,
CL,36,36,CL-36,Núñez,Núñez,165806,
CL,37,37,CL-37,Jara,Jara,161085,
CL,38,38,CL-38,Vergara,Vergara,155118,
CL,39,39,CL-39,Rivera,Rivera,147835,
CL,40,40,CL-40,Figueroa,Figueroa,145460,
CL,41,41,CL-41,Riquelme,Riquelme,143590,
CL,42,42,CL-42,García,García,142002,
CL,43,43,CL-43,Miranda,Miranda,138939,
CL,44,44,CL-44,Bravo,Bravo,138392,
CL,45,45,CL-45,Vera,Vera,137646,
CL,46,46,CL-46,Molina,Molina,131094,
CL,47,47,CL-47,Vega,Vega,128132,
CL,48,48,CL-48,Campos,Campos,126260,
CL,49,49,CL-49,Sandoval,Sandoval,125640,
CL,50,50,CL-50,Orellana,Orellana,123619,
CL,51,51,CL-51,Zúñiga,Zúñiga,120757,
CL,52,52,CL-52,Olivares,Olivares,120074,
CL,53,53,CL-53,Alarcón,Alarcón,118019,
CL,54,54,CL-54,Gallardo,Gallardo,117752,
CL,55,55,CL-55,Ortiz,Ortiz,117228,
CL,56,56,CL-56,Garrido,Garrido,115109,
CL,57,57,CL-57,Salazar,Salazar,113881,
CL,58,58,CL-58,Guzmán,Guzmán,109922,
CL,59,59,CL-59,Henríquez,Henríquez,109364,
CL,60,60,CL-60,Saavedra,Saavedra,108702,
CL,61,61,CL-61,Navarro,Navarro,107897,
CL,62,62,CL-62,Aguilera,Aguilera,107864,
CL,63,63,CL-63,Parra,Parra,106100,
CL,64,64,CL-64,Romero,Romero,105597,
CL,65,65,CL-65,Aravena,Aravena,105441,
CL,66,66,CL-66,Pizarro,Pizarro,105352,
CL,67,67,CL-67,Godoy,Godoy,103887,
CL,68,68,CL-68,Peña,Peña,103377,
CL,69,69,CL-69,Cáceres,Cáceres,102830,
CL,70,70,CL-70,Leiva,Leiva,99890,
CL,71,71,CL-71,Escobar,Escobar,97979,
CL,72,72,CL-72,Yáñez,Yáñez,96589,
CL,73,73,CL-73,Valdés,Valdés,96528,
CL,74,74,CL-74,Vidal,Vidal,96037,
CL,75,75,CL-75,Salinas,Salinas,94110,
CL,76,76,CL-76,Cárdenas,Cárdenas,93925,
CL,77,77,CL-77,Jiménez,Jiménez,92032,
CL,78,78,CL-78,Ruiz,Ruiz,91539,
CL,79,79,CL-79,Lagos,Lagos,91024,
CL,80,80,CL-80,Maldonado,Maldonado,89091,
CL,81,81,CL-81,Bustos,Bustos,88445,
CL,82,82,CL-82,Medina,Medina,87578,
CL,83,83,CL-83,Pino,Pino,86295,
CL,84,84,CL-84,Palma,Palma,82735,
CL,85,85,CL-85,Moreno,Moreno,82548,
CL,86,86,CL-86,Sanhueza,Sanhueza,82383,
CL,87,87,CL-87,Carvajal,Carvajal,81785,
CL,88,88,CL-88,Navarrete,Navarrete,81729,
CL,89,89,CL-89,Sáez,Sáez,80938,
CL,90,90,CL-90,Alvarado,Alvarado,79985,
CL,91,91,CL-91,Donoso,Donoso,79855,
CL,92,92,CL-92,Poblete,Poblete,79248,
CL,93,93,CL-93,Bustamante,Bustamante,78732,
CL,94,94,CL-94,Toro,Toro,78659,
CL,95,95,CL-95,Ortega,Ortega,78086,
CL,96,96,CL-96,Venegas,Venegas,76900,
CL,97,97,CL-97,Guerrero,Guerrero,76823,
CL,98,98,CL-98,Paredes,Paredes,75825,
CL,99,99,CL-99,Farías,Farías,75242,
CL,100,100,CL-100,San Martín,San Martín,74575,
CO,1,1,CO-1,Rodríguez,Rodríguez,707789,
CO,2,2,CO-2,Gómez,Gómez,537843,
CO,3,3,CO-3,González,González,531484,
CO,4,4,CO-4,Martínez,Martínez,530721,
CO,5,5,CO-5,García,García,524835,
CO,6,6,CO-6,López,López,509880,
CO,7,7,CO-7,Hernández,Hernández,454471,
CO,8,8,CO-8,Sánchez,Sánchez,449750,
CO,9,9,CO-9,Ramírez,Ramírez,427404,
CO,10,10,CO-10,Pérez,Pérez,418660,
CO,11,11,CO-11,Díaz,Díaz,388419,
CO,12,12,CO-12,Muñoz,Muñoz,293759,
CO,13,13,CO-13,Rojas,Rojas,286038,
CO,14,14,CO-14,Moreno,Moreno,265374,
CO,15,15,CO-15,Jiménez,Jiménez,261391,
PY,1,1,PY-1,González,González,443804,0.0662
PY,2,2,PY-2,Benítez,Benítez,324473,0.0484
PY,3,3,PY-3,Martínez,Martínez,280227,0.0418
PY,4,4,PY-4,López,López,209835,0.0313
PY,5,5,PY-5,Giménez,Giménez,174974,0.0261
PY,6,6,PY-6,Vera,Vera,170281,0.0254
PY,7,7,PY-7,Duarte,Duarte,139443,0.0208
PY,8,8,PY-8,Ramírez,Ramírez,137432,0.0205
PY,9,9,PY-9,Villalba,Villalba,134750,0.0201
PY,10,10,PY-10,Fernández,Fernández,130057,0.0194
PY,11,11,PY-11,Gómez,Gómez,121342,0.0181
PY,12,12,PY-12,Acosta,Acosta,119331,0.0178
PY,13,13,PY-13,Rojas,Rojas,117990,0.0176
PY,14,14,PY-14,Ortiz,Ortiz,113297,0.0169
PY,15,15,PY-15,Cáceres,Cáceres,112627,0.0168
PY,16,16,PY-16,Rodríguez,Rodríguez,105923,0.0158
PY,17,17,PY-17,Ruiz,Ruiz,105252,0.0157
PY,18,18,PY-18,Núñez,Núñez,103241,0.0154
PY,19,19,PY-19,Ayala,Ayala,99219,0.0148
PY,20,20,PY-20,Báez,Báez,97878,0.0146
PY,21,21,PY-21,Galeano,Galeano,93185,0.0139
PY,22,22,PY-22,Herrera,Herrera,89833,0.0134
PY,23,23,PY-23,Franco,Franco,85140,0.0127
PY,24,24,PY-24,Torres,Torres,83800,0.0125
PY,25,25,PY-25,Cardozo,Cardozo,83800,0.0125
PE,1,1,PE-1,Quispe,Quispe,145812,0.0218
PE,2,2,PE-2,Flores,Flores,143733,0.0214
PE,3,3,PE-3,Sánchez,Sánchez,136158,0.0203
PE,4,4,PE-4,Rodríguez,Rodríguez,133208,0.0199
PE,5,5,PE-5,García,García,130593,0.0195
PE,6,6,PE-6,Rojas,Rojas,111286,0.0166
PE,7,7,PE-7,González,González,97610,0.0146
PE,8,8,PE-8,Díaz,Díaz,96135,0.0143
PE,9,9,PE-9,Chávez,Chávez,94660,0.0141
PE,10,10,PE-10,Torres,Torres,94057,0.0140
PE,11,11,PE-11,Ramírez,Ramírez,93520,0.0140
PE,12,12,PE-12,Mendoza,Mendoza,92045,0.0137
PE,13,13,PE-13,Ramos,Ramos,91442,0.0136
PE,14,14,PE-14,López,López,90571,0.0135
PE,15,15,PE-15,Castillo,Castillo,84470,0.0126
PE,16,16,PE-16,Espinoza,Espinoza,84470,0.0126
PE,17,17,PE-17,Vásquez,Vásquez,78570,0.0117
PE,18,18,PE-18,Huamán,Huamán,72135,0.0108
PE,19,19,PE-19,Pérez,Pérez,71866,0.0107
PE,20,20,PE-20,Vargas,Vargas,71598,0.0107
PE,21,21,PE-21,Gutiérrez,Gutiérrez,69855,0.0104
PE,22,22,PE-22,Fernández,Fernández,66034,0.0099
PE,23,23,PE-23,Castro,Castro,65766,0.0098
PE,24,24,PE-24,Mamani,Mamani,62213,0.0093
PE,25,25,PE-25,Ruíz,Ruíz,62213,0.0093
PE,26,26,PE-26,Romero,Romero,57252,0.0085
PE,27,27,PE-27,Martínez,Martínez,56715,0.0085
PE,28,28,PE-28,Morales,Morales,55777,0.0083
PE,29,29,PE-29,Reyes,Reyes,55240,0.0082
PE,30,30,PE-30,Salazar,Salazar,53766,0.0080
SR,1,1,SR-1,Lin,Lin,,
SR,2,2,SR-2,Pinas,Pinas,,
SR,3,3,SR-3,Wong,Wong,,
SR,4,4,SR-4,Chin,Chin,,
SR,5,5,SR-5,Mohan,Mohan,,
SR,6,6,SR-6,Kalloe,Kalloe,,
SR,7,7,SR-7,Singh,Singh,,
SR,8,8,SR-8,Lie,Lie,,
SR,9,9,SR-9,van Dijk,van Dijk,,
SR,10,10,SR-10,Tjin,Tjin,,
SR,11,11,SR-11,Kluivert,Kluivert,,
SR,12,12,SR-12,Semil,Semil,,
SR,13,13,SR-13,Sabajo,Sabajo,,